id,parameters,fp32_model_parameter_mib,training_parameter_gradient_adam_lower_bound_gib,best_plus_last_parameter_storage_per_run_gib,checkpoint_parameter_storage_3seeds_gib
B,51611179,196.88,0.769,0.961,2.884
B_D03,51611179,196.88,0.769,0.961,2.884
B_SCRATCH,51611179,196.88,0.769,0.961,2.884
D_DEEPLABV3,58626628,223.64,0.874,1.092,3.276
D_DEEPLABV3PLUS,45670484,174.22,0.681,0.851,2.552
D_FPN,45108548,172.08,0.672,0.84,2.521
D_LINKNET,50170004,191.38,0.748,0.934,2.803
D_MANET,166432556,634.89,2.48,3.1,9.3
D_PAN,43252811,165.0,0.645,0.806,2.417
D_PSPNET,43306948,165.2,0.645,0.807,2.42
D_UNET,52808639,201.45,0.787,0.984,2.951
D_UNETPLUSPLUS,70118011,267.48,1.045,1.306,3.918
E_CONVNEXTV2_BASE_FCMAE_FT_IN1K,92894891,354.37,1.384,1.73,5.191
E_CONVNEXTV2_TINY_FCMAE_FT_IN1K,32092203,122.42,0.478,0.598,1.793
E_CONVNEXT_SMALL_IN12K_FT_IN1K,53680395,204.77,0.8,1.0,3.0
E_CONVNEXT_TINY_IN12K_FT_IN1K,32045835,122.25,0.478,0.597,1.791
E_DENSENET121,13705579,52.28,0.204,0.255,0.766
E_DENSENET161,38845483,148.18,0.579,0.724,2.171
E_DENSENET169,21300587,81.26,0.317,0.397,1.19
E_DENSENET201,28678507,109.4,0.427,0.534,1.603
E_DPN107,98901675,377.28,1.474,1.842,5.527
E_DPN131,89823723,342.65,1.338,1.673,5.019
E_DPN68,17033877,64.98,0.254,0.317,0.952
E_DPN68B,17033877,64.98,0.254,0.317,0.952
E_DPN92,47048747,179.48,0.701,0.876,2.629
E_DPN98,71448747,272.56,1.065,1.331,3.993
E_EFFICIENTNET_B0,6340199,24.19,0.094,0.118,0.354
E_EFFICIENTNET_B1,8845835,33.74,0.132,0.165,0.494
E_EFFICIENTNET_B2,10135021,38.66,0.151,0.189,0.566
E_EFFICIENTNET_B3,13250067,50.54,0.197,0.247,0.74
E_EFFICIENTNET_B4,20319027,77.51,0.303,0.378,1.135
E_EFFICIENTNET_B5,31309339,119.44,0.467,0.583,1.75
E_EFFICIENTNET_B6,43920835,167.54,0.654,0.818,2.454
E_EFFICIENTNET_B7,67193275,256.32,1.001,1.252,3.755
E_HRNET_W18_MS_IN1K,16151615,61.61,0.241,0.301,0.903
E_HRNET_W48_MS_IN1K,72322475,275.89,1.078,1.347,4.041
E_INCEPTIONRESNETV2,62127243,237.0,0.926,1.157,3.472
E_INCEPTIONV4,48889867,186.5,0.729,0.911,2.732
E_MIT_B0,5666571,21.62,0.084,0.106,0.317
E_MIT_B2,27594091,105.26,0.411,0.514,1.542
E_MIT_B5,84840811,323.64,1.264,1.58,4.741
E_MOBILENET_V2,6713067,25.61,0.1,0.125,0.375
E_MOBILEVIT_S_CVNETS_IN1K,8131979,31.02,0.121,0.151,0.454
E_RESNET101,51611179,196.88,0.769,0.961,2.884
E_RESNET152,67254827,256.56,1.002,1.253,3.758
E_RESNET18,14426155,55.03,0.215,0.269,0.806
E_RESNET34,24534315,93.59,0.366,0.457,1.371
E_RESNET50,32619051,124.43,0.486,0.608,1.823
E_RESNEXT101_32X8D,95853355,365.65,1.428,1.785,5.356
E_RESNEXT50_32X4D,32090923,122.42,0.478,0.598,1.793
E_RSU,36375275,138.76,0.542,0.678,2.033
E_RSU_DEEP,36375927,138.76,0.542,0.678,2.033
E_SENET154,122187867,466.11,1.821,2.276,6.828
E_SE_RESNET101,56388891,215.11,0.84,1.05,3.151
E_SE_RESNET152,73883867,281.84,1.101,1.376,4.129
E_SE_RESNET50,35150043,134.09,0.524,0.655,1.964
E_SE_RESNEXT101_32X4D,56017435,213.69,0.835,1.043,3.13
E_SE_RESNEXT50_32X4D,34621915,132.07,0.516,0.645,1.935
E_SWIN_SMALL_PATCH4_WINDOW7_224_MS_IN1K,53029365,202.29,0.79,0.988,2.963
E_SWIN_TINY_PATCH4_WINDOW7_224_MS_IN1K,31728741,121.04,0.473,0.591,1.773
E_VGG11,13649771,52.07,0.203,0.254,0.763
E_VGG11_BN,13655275,52.09,0.203,0.254,0.763
E_VGG13,13834283,52.77,0.206,0.258,0.773
E_VGG13_BN,13840171,52.8,0.206,0.258,0.773
E_VGG16_BN,19152427,73.06,0.285,0.357,1.07
E_XCEPTION,28867347,110.12,0.43,0.538,1.613
F_FCN_R101,51940420,198.14,0.774,0.967,2.902
F_SEGFORMER_MIT_B0,3715172,14.17,0.055,0.069,0.208
F_SEGFORMER_MIT_B2,24723140,94.31,0.368,0.461,1.382
F_SEGFORMER_MIT_B5,81969860,312.69,1.221,1.527,4.58
F_SEGNET,24936388,95.12,0.372,0.464,1.393
F_U2,44051452,168.04,0.656,0.821,2.462
F_U2P,1141660,4.36,0.017,0.021,0.064
F_U2P_DEEP,1141660,4.36,0.017,0.021,0.064
F_U2_DEEP,44051452,168.04,0.656,0.821,2.462
H_DENSENET161_SWIN,79132773,301.87,1.179,1.474,4.422
H_DENSENET201_SWIN,65704357,250.64,0.979,1.224,3.672
H_EFFICIENTNET_B1_SWIN,36767509,140.26,0.548,0.685,2.055
H_EFFICIENTNET_B2_SWIN,38109991,145.38,0.568,0.71,2.13
H_EFFICIENTNET_B3_SWIN,41285773,157.49,0.615,0.769,2.307
H_EFFICIENTNET_B4_SWIN,48477141,184.93,0.722,0.903,2.709
H_EFFICIENTNET_B5_SWIN,59593501,227.33,0.888,1.11,3.33
H_INCEPTIONRESNETV2_SWIN,95011013,362.44,1.416,1.77,5.309
H_INCEPTIONV4_SWIN,81671237,311.55,1.217,1.521,4.564
H_MOBILENET_V2_SWIN,36895565,140.75,0.55,0.687,2.062
H_RESNET101_SWIN,86784997,331.06,1.293,1.616,4.849
H_RESNEXT101_32X8D_SWIN,131027173,499.83,1.952,2.441,7.322
H_SENET154_SWIN,157378133,600.35,2.345,2.931,8.794
H_SE_RESNET101_SWIN,91562709,349.28,1.364,1.705,5.116
H_SE_RESNET152_SWIN,109057685,416.02,1.625,2.031,6.094
H_SE_RESNET50_SWIN,70323861,268.26,1.048,1.31,3.93
H_SE_RESNEXT101_32X4D_SWIN,91191253,347.87,1.359,1.699,5.096
H_SE_RESNEXT50_32X4D_SWIN,69795733,266.25,1.04,1.3,3.9
H_VGG13_BN_SWIN,42933541,163.78,0.64,0.8,2.399
H_VGG16_BN_SWIN,48245797,184.04,0.719,0.899,2.696
M_ASPP,51881518,197.91,0.773,0.966,2.899
M_ATTN_APAM,51599234,196.84,0.769,0.961,2.883
M_ATTN_CBAM,51611125,196.88,0.769,0.961,2.884
M_ATTN_ECA,51598675,196.83,0.769,0.961,2.883
M_ATTN_ECA_CBAM,51611140,196.88,0.769,0.961,2.884
M_ATTN_NONE,51598660,196.83,0.769,0.961,2.883
M_BEM,51637612,196.98,0.769,0.962,2.885
M_CMAA,51882309,197.92,0.773,0.966,2.899
M_CONNECTIVITY,51612235,196.89,0.769,0.961,2.884
M_CONSISTENCY,51611831,196.88,0.769,0.961,2.884
M_CROSS_ATTENTION,51957323,198.2,0.774,0.968,2.903
M_CROSS_MIT_B2,27689099,105.63,0.413,0.516,1.547
M_CROSS_MIT_B5,84935819,324.0,1.266,1.582,4.746
M_DEEP,51611831,196.88,0.769,0.961,2.884
M_FREQUENCY,51613486,196.89,0.769,0.961,2.884
M_FREQ_NOOFFSET,51625165,196.93,0.769,0.962,2.885
M_FREQ_OFFSET,51627471,196.94,0.769,0.962,2.885
M_HRNET_OCR,72326799,275.9,1.078,1.347,4.042
M_LSTM,51876156,197.89,0.773,0.966,2.899
M_OCR,51615503,196.9,0.769,0.961,2.884
M_PIXELSHUFFLE,51627819,196.94,0.769,0.962,2.885
M_RRCU_CHANNEL_GATE,51611779,196.88,0.769,0.961,2.884
M_RRCU_FEATURE,51545643,196.63,0.768,0.96,2.88
M_RRCU_SPATIAL_GATE,51614588,196.89,0.769,0.961,2.884
M_SNAKE,51636403,196.98,0.769,0.962,2.885
M_WEIGHTED_SKIP,51615093,196.9,0.769,0.961,2.884
PF_LINKNET_R50,31177876,118.93,0.465,0.581,1.742
PF_MANET_R50,147440428,562.44,2.197,2.746,8.239
PF_UNETPLUSPLUS_R50,51125883,195.03,0.762,0.952,2.857
PF_UNET_R50,33816511,129.0,0.504,0.63,1.89
T_R101_IMAGENET_MICRONET,51611179,196.88,0.769,0.961,2.884
T_R101_MICRONET,51611179,196.88,0.769,0.961,2.884
