id,parameters,parameter_M,fp32_parameter_adam_bytes_lower_bound,best_plus_last_checkpoint_bytes_approx,three_seed_checkpoint_GiB_approx,activation_memory_included
U2_ECA,44051485,44.051485,704823760,881029700,2.461568545550108,False
U2_CBAM_DEEP,44130478,44.130478,706087648,882609560,2.465982623398304,False
U2_SCSE_LAST2,44052742,44.052742,704843872,881054840,2.4616387858986855,False
U2_ECA_DEEP,44051485,44.051485,704823760,881029700,2.461568545550108,False
U2_ECA_CBAM_DEEP,44130511,44.130511,706088176,882610220,2.4659844674170017,False
B_SCRATCH,51611179,51.611179,825778864,1032223580,2.883999366313219,False
U2_PLAIN_DEEP,44051452,44.051452,704823232,881029040,2.46156670153141,False
U2_ECA_CBAM,44130511,44.130511,706088176,882610220,2.4659844674170017,False
U2_SCSE_ALL,44097601,44.097601,705561616,881952020,2.464145477861166,False
U2_ECA_SCSE,44097634,44.097634,705562144,881952680,2.4641473218798637,False
U2_SCSE_LAST2_DEEP,44052742,44.052742,704843872,881054840,2.4616387858986855,False
U2_CBAM,44130478,44.130478,706087648,882609560,2.465982623398304,False
U2_PLAIN,44051452,44.051452,704823232,881029040,2.46156670153141,False
U2_SCSE_ALL_DEEP,44097601,44.097601,705561616,881952020,2.464145477861166,False
B,51611179,51.611179,825778864,1032223580,2.883999366313219,False
U2_ECA_SCSE_DEEP,44097634,44.097634,705562144,881952680,2.4641473218798637,False
