cohort,id,seed,view,miou_pct,baseline_pct,delta_pp,image_bootstrap95_lo_pp,image_bootstrap95_hi_pp,delta_eutectic_iou_pp,delta_skeleton_recall_pp,delta_contact_error_pp,delta_al3ni_to_eutectic_pp,delta_eutectic_to_al3ni_pp,parameters,code_sha256,source
Mac 후속,D03,42,single,79.33596087463725,79.34277907324842,-0.00681819861117039,-0.3778014667772879,0.3702658464515515,-0.21654099004404515,0.06646036262435429,-1.414400621051043,0.016408264005668416,0.33115464797722066,51611179,64e1aea70f7c290b22e5a7520e9be57d2262f8917ebf85e61b0af57701aed017,experiments/followup_unet_lab/runs/followup_mps_20261004/trials/seed42/D03
Mac 후속,D03,42,d4,79.7855009052362,79.6303497679621,0.15515113727408436,-0.15590811025953646,0.4823999619658166,0.1482049160845933,-0.0467299424702472,-1.4645375541802341,-0.08903058056457594,0.4630362612267222,51611179,64e1aea70f7c290b22e5a7520e9be57d2262f8917ebf85e61b0af57701aed017,experiments/followup_unet_lab/runs/followup_mps_20261004/trials/seed42/D03
Mac 후속,X01_FREQ,42,single,79.01580679970922,79.34277907324842,-0.3269722735391789,-0.7550282784019936,0.08697349958691547,-0.596099462395927,0.7192949663198278,0.005498889439975452,0.6453517217878353,-0.6665368020988327,51625165,64e1aea70f7c290b22e5a7520e9be57d2262f8917ebf85e61b0af57701aed017,experiments/followup_unet_lab/runs/followup_mps_20261004/trials/seed42/X01_FREQ
Mac 후속,X01_FREQ,42,d4,79.42974751903017,79.6303497679621,-0.20060224893195142,-0.6123315465114832,0.22837496425683299,-0.2929922294691356,0.5756436616890626,0.03407155025553499,0.4571216365308557,-0.32800474143826336,51625165,64e1aea70f7c290b22e5a7520e9be57d2262f8917ebf85e61b0af57701aed017,experiments/followup_unet_lab/runs/followup_mps_20261004/trials/seed42/X01_FREQ
Mac 후속,X02_CONN,42,single,79.49904557762298,79.34277907324842,0.15626650437454426,-0.08915729839698304,0.45630617203451657,0.3215020643820732,-0.0623065899603259,-0.057360964354258304,-0.05696397321163435,0.05172478106077183,51612235,64e1aea70f7c290b22e5a7520e9be57d2262f8917ebf85e61b0af57701aed017,experiments/followup_unet_lab/runs/followup_mps_20261004/trials/seed42/X02_CONN
Mac 후속,X02_CONN,42,d4,80.0114627829814,79.6303497679621,0.3811130150193015,0.030468923421718405,0.7464581140499963,0.9227880232223429,0.0713064307323763,-0.09854872447329355,-0.1421249631788954,0.08479879971982351,51612235,64e1aea70f7c290b22e5a7520e9be57d2262f8917ebf85e61b0af57701aed017,experiments/followup_unet_lab/runs/followup_mps_20261004/trials/seed42/X02_CONN
Mac 후속,X03_PIXEL,42,single,79.3032503188006,79.34277907324842,-0.03952875444784121,-0.5505911333087175,0.4598042998395746,0.09653158264750772,0.8539464301785427,-0.4013111077566689,0.5415627026660575,-0.7597077218300968,51627819,64e1aea70f7c290b22e5a7520e9be57d2262f8917ebf85e61b0af57701aed017,experiments/followup_unet_lab/runs/followup_mps_20261004/trials/seed42/X03_PIXEL
Mac 후속,X03_PIXEL,42,d4,79.59471761910967,79.6303497679621,-0.03563214885244026,-0.4530883900279043,0.3653316420921375,0.062287099810498514,0.5541825029249492,-0.3273456537209146,0.379399859494866,-0.5221384549708428,51627819,64e1aea70f7c290b22e5a7520e9be57d2262f8917ebf85e61b0af57701aed017,experiments/followup_unet_lab/runs/followup_mps_20261004/trials/seed42/X03_PIXEL
Mac 후속,D03,43,single,79.22507071756843,79.21329550442962,0.011775213138804919,-0.4301961376604995,0.42667841610742774,-0.29517050499813235,0.13222842980470384,-0.8911435533607931,0.4577815667102428,-0.3895937035026137,51611179,64e1aea70f7c290b22e5a7520e9be57d2262f8917ebf85e61b0af57701aed017,experiments/followup_unet_lab/runs/followup_mps_20261004/trials/seed43/D03
Mac 후속,D03,43,d4,79.75099793899545,79.38586397903735,0.3651339599580822,-0.011204116884383549,0.7284636607641076,0.26358076014922904,-0.10799808926457155,-0.762404847648418,0.06989260536235248,0.019811254284493596,51611179,64e1aea70f7c290b22e5a7520e9be57d2262f8917ebf85e61b0af57701aed017,experiments/followup_unet_lab/runs/followup_mps_20261004/trials/seed43/D03
Mac 후속,D03,44,single,79.5724982903127,79.31505332884463,0.25744496146807294,-0.17229536747709462,0.6602486798241893,0.3752820302767801,1.484973727387895,-2.006447717421775,0.36755111309223487,-0.7763690695756331,51611179,64e1aea70f7c290b22e5a7520e9be57d2262f8917ebf85e61b0af57701aed017,experiments/followup_unet_lab/runs/followup_mps_20261004/trials/seed44/D03
Mac 후속,D03,44,d4,79.87980062256493,79.66738665271407,0.21241396985085204,-0.14391292095785732,0.5747597477022446,0.2505716170424832,1.3683219450732809,-1.9757186293748508,0.31016718431189916,-0.6797166741960486,51611179,64e1aea70f7c290b22e5a7520e9be57d2262f8917ebf85e61b0af57701aed017,experiments/followup_unet_lab/runs/followup_mps_20261004/trials/seed44/D03
L4 U2 구조,B_SCRATCH,42,single,77.77246864096294,79.4433222277927,-1.6708535868297687,-2.3195656291452242,-0.9973943795007914,-3.0328036025841887,-0.6237581950473192,0.6911349276518652,1.5835924559181633,-0.6270800780845256,51611179,49cb5393ee944552840291757fb56d8da63ad0a41cea82460ac536337688614d,local-artifacts/runs/colab_gpu_l4_20261005/trials/seed42/B_SCRATCH
L4 U2 구조,B_SCRATCH,42,d4,78.14522952573296,79.78468325047648,-1.6394537247435104,-2.3747125923791703,-0.9182592722258178,-3.1527388150622393,-0.7019875802197317,0.6251482543721543,1.584012411486864,-0.5646621932467664,51611179,49cb5393ee944552840291757fb56d8da63ad0a41cea82460ac536337688614d,local-artifacts/runs/colab_gpu_l4_20261005/trials/seed42/B_SCRATCH
L4 U2 구조,U2_CBAM_DEEP,42,single,79.68155573265045,79.4433222277927,0.23823350485773057,-0.38660177296764786,0.8693810853646734,0.07160367939585965,0.9737135419911724,-0.6562008065037844,1.4181299618500356,-1.6575968699876071,44130478,49cb5393ee944552840291757fb56d8da63ad0a41cea82460ac536337688614d,local-artifacts/runs/colab_gpu_l4_20261005/trials/seed42/U2_CBAM_DEEP
L4 U2 구조,U2_CBAM_DEEP,42,d4,79.8406001963286,79.78468325047648,0.055916945852118594,-0.5427507606786495,0.644614430820226,-0.28522600893843286,0.853254134734549,-0.687469001358551,1.4133304696363118,-1.4936359454071457,44130478,49cb5393ee944552840291757fb56d8da63ad0a41cea82460ac536337688614d,local-artifacts/runs/colab_gpu_l4_20261005/trials/seed42/U2_CBAM_DEEP
L4 U2 구조,U2_ECA_CBAM_DEEP,42,single,79.3344965891512,79.4433222277927,-0.1088256386415082,-0.7305467764133596,0.4608957049316122,-0.6426346400336125,-1.7196618829051546,0.21499579496689902,-0.5152254891432485,0.6515332999001144,44130511,49cb5393ee944552840291757fb56d8da63ad0a41cea82460ac536337688614d,local-artifacts/runs/colab_gpu_l4_20261005/trials/seed42/U2_ECA_CBAM_DEEP
L4 U2 구조,U2_ECA_CBAM_DEEP,42,d4,79.50104185013251,79.78468325047648,-0.2836414003439808,-1.0244635536656113,0.3281727128275792,-1.030752095587395,-1.9851571856805528,0.22717960882409904,-0.5283940959046538,0.7184273677142874,44130511,49cb5393ee944552840291757fb56d8da63ad0a41cea82460ac536337688614d,local-artifacts/runs/colab_gpu_l4_20261005/trials/seed42/U2_ECA_CBAM_DEEP
L4 U2 구조,U2_ECA_DEEP,42,single,79.297846056066,79.4433222277927,-0.14547617172671723,-0.8328493355903637,0.500352717269041,-0.362936171650019,-0.05192215830027713,-0.10340068574385963,1.4941119229585507,-0.8663071904905978,44051485,49cb5393ee944552840291757fb56d8da63ad0a41cea82460ac536337688614d,local-artifacts/runs/colab_gpu_l4_20261005/trials/seed42/U2_ECA_DEEP
L4 U2 구조,U2_ECA_DEEP,42,d4,79.50768856567322,79.78468325047648,-0.2769946848032556,-0.9110144221271597,0.30469937435331956,-0.5691652898230259,0.01176902254806933,-0.14900912168719083,1.5392571465938907,-0.8946563493412135,44051485,49cb5393ee944552840291757fb56d8da63ad0a41cea82460ac536337688614d,local-artifacts/runs/colab_gpu_l4_20261005/trials/seed42/U2_ECA_DEEP
L4 U2 구조,U2_ECA_SCSE_DEEP,42,single,79.13564196577936,79.4433222277927,-0.30768026201336507,-1.26476602382684,0.5720629426959593,0.12076251350854328,3.5407450483568303,-1.2129903176417323,2.866736699257219,-2.8072298644296807,44097634,49cb5393ee944552840291757fb56d8da63ad0a41cea82460ac536337688614d,local-artifacts/runs/colab_gpu_l4_20261005/trials/seed42/U2_ECA_SCSE_DEEP
L4 U2 구조,U2_ECA_SCSE_DEEP,42,d4,79.31566321433891,79.78468325047648,-0.46902003613754906,-1.375860052734235,0.3267322298580028,-0.37411706308424497,3.357632903417862,-1.1368684363746162,2.869256432669423,-2.709914330831367,44097634,49cb5393ee944552840291757fb56d8da63ad0a41cea82460ac536337688614d,local-artifacts/runs/colab_gpu_l4_20261005/trials/seed42/U2_ECA_SCSE_DEEP
L4 U2 구조,U2_PLAIN,42,single,79.23213051333737,79.4433222277927,-0.21119171445533325,-0.8975708027258238,0.432306916295918,-0.6524076272704349,0.19038124710101245,-0.12086774631790143,1.6835718780952968,-1.1156471607322707,44051452,49cb5393ee944552840291757fb56d8da63ad0a41cea82460ac536337688614d,local-artifacts/runs/colab_gpu_l4_20261005/trials/seed42/U2_PLAIN
L4 U2 구조,U2_PLAIN,42,d4,79.49861033849754,79.78468325047648,-0.2860729119789368,-1.0568911244190684,0.4422996820462323,-0.7812164938519994,-0.014884352046073968,-0.11407500053910724,1.6888513195303934,-1.0767706826593504,44051452,49cb5393ee944552840291757fb56d8da63ad0a41cea82460ac536337688614d,local-artifacts/runs/colab_gpu_l4_20261005/trials/seed42/U2_PLAIN
L4 U2 구조,U2_PLAIN_DEEP,42,single,79.36098536364547,79.4433222277927,-0.08233686414726715,-0.6579190241582131,0.47082477929972355,-0.27394594023063545,1.2198245723344825,-0.4795894162551495,2.0273355079032633,-1.610182487348566,44051452,49cb5393ee944552840291757fb56d8da63ad0a41cea82460ac536337688614d,local-artifacts/runs/colab_gpu_l4_20261005/trials/seed42/U2_PLAIN_DEEP
L4 U2 구조,U2_PLAIN_DEEP,42,d4,79.5024643971948,79.78468325047648,-0.28221885328168717,-0.8374293646285631,0.3045593033013636,-0.7332287600450793,0.9245605654669253,-0.4696698509908781,1.9816803382202166,-1.5345018381362499,44051452,49cb5393ee944552840291757fb56d8da63ad0a41cea82460ac536337688614d,local-artifacts/runs/colab_gpu_l4_20261005/trials/seed42/U2_PLAIN_DEEP
L4 U2 구조,U2_SCSE_ALL,42,single,79.20938859587821,79.4433222277927,-0.2339336319145108,-0.9126172067843701,0.40705720042120946,-0.49426560003711373,0.7497559658559805,-0.2734349729368396,1.9503936483520043,-1.649804995917556,44097601,49cb5393ee944552840291757fb56d8da63ad0a41cea82460ac536337688614d,local-artifacts/runs/colab_gpu_l4_20261005/trials/seed42/U2_SCSE_ALL
L4 U2 구조,U2_SCSE_ALL,42,d4,79.33926717483202,79.78468325047648,-0.4454160756444614,-1.0840019778165826,0.14914179211963557,-0.8799978454445911,0.23468815551724864,-0.14954822849503058,1.894719538672808,-1.4462215627681045,44097601,49cb5393ee944552840291757fb56d8da63ad0a41cea82460ac536337688614d,local-artifacts/runs/colab_gpu_l4_20261005/trials/seed42/U2_SCSE_ALL
L4 U2 구조,U2_SCSE_ALL_DEEP,42,single,79.21441900034331,79.4433222277927,-0.22890322744938243,-0.7902990962760861,0.30734976702235395,-0.342236384492034,1.7746993707034364,-0.6914583917365713,2.056702400885986,-2.0311094716860696,44097601,49cb5393ee944552840291757fb56d8da63ad0a41cea82460ac536337688614d,local-artifacts/runs/colab_gpu_l4_20261005/trials/seed42/U2_SCSE_ALL_DEEP
L4 U2 구조,U2_SCSE_ALL_DEEP,42,d4,79.35507285620062,79.78468325047648,-0.42961039427586833,-1.0828447437434907,0.1943202218401627,-0.6884456236996295,1.7366231212832428,-0.6832639682573916,2.1290247491815366,-2.01419944710851,44097601,49cb5393ee944552840291757fb56d8da63ad0a41cea82460ac536337688614d,local-artifacts/runs/colab_gpu_l4_20261005/trials/seed42/U2_SCSE_ALL_DEEP
L4 U2 구조,U2_SCSE_LAST2,42,single,79.50870969408619,79.4433222277927,0.06538746629349723,-0.47237248528193926,0.5949952544249663,-0.0016794918471396691,-0.5071064127327052,-0.014987169257973942,1.3722348175563017,-0.7596248295527547,44052742,49cb5393ee944552840291757fb56d8da63ad0a41cea82460ac536337688614d,local-artifacts/runs/colab_gpu_l4_20261005/trials/seed42/U2_SCSE_LAST2
L4 U2 구조,U2_SCSE_LAST2,42,d4,79.79757892998147,79.78468325047648,0.012895679504984492,-0.4328096658948889,0.4086042015193664,-0.15412923149824564,-0.6369118084833869,-0.10846828973756495,1.3198003651213694,-0.6401770579044008,44052742,49cb5393ee944552840291757fb56d8da63ad0a41cea82460ac536337688614d,local-artifacts/runs/colab_gpu_l4_20261005/trials/seed42/U2_SCSE_LAST2
L4 U2 구조,U2_SCSE_LAST2_DEEP,42,single,79.32135327897527,79.4433222277927,-0.12196894881744356,-0.5774244654122951,0.31191676901363113,-0.28636201775246173,0.992405518979278,-0.7382528626571516,1.3817138146784065,-1.4748193984507427,44052742,49cb5393ee944552840291757fb56d8da63ad0a41cea82460ac536337688614d,local-artifacts/runs/colab_gpu_l4_20261005/trials/seed42/U2_SCSE_LAST2_DEEP
L4 U2 구조,U2_SCSE_LAST2_DEEP,42,d4,79.57464238464911,79.78468325047648,-0.21004086582737783,-0.579436250279372,0.12664162180937186,-0.6135281433867212,0.7992550901022577,-0.7139930563043156,1.3410381181670983,-1.3862904462505752,44052742,49cb5393ee944552840291757fb56d8da63ad0a41cea82460ac536337688614d,local-artifacts/runs/colab_gpu_l4_20261005/trials/seed42/U2_SCSE_LAST2_DEEP
L4 U2 구조,B_SCRATCH,44,single,78.29008046039327,79.1627918098311,-0.872711349437837,-1.3900953148512876,-0.33701969552633987,-1.3234182830390129,-0.028384113204149575,0.1336984883445108,1.4200497587355254,-0.7818399598801373,51611179,49cb5393ee944552840291757fb56d8da63ad0a41cea82460ac536337688614d,local-artifacts/runs/colab_gpu_l4_2_20261005/trials/seed44/B_SCRATCH
L4 U2 구조,B_SCRATCH,44,d4,78.6525198557276,79.60420446398423,-0.9516846082566205,-1.3689662833505873,-0.5215293292312299,-1.531736206457579,-0.06749880579035583,0.0607034265628692,1.4769837351208244,-0.6933938999573106,51611179,49cb5393ee944552840291757fb56d8da63ad0a41cea82460ac536337688614d,local-artifacts/runs/colab_gpu_l4_2_20261005/trials/seed44/B_SCRATCH
L4 U2 구조,U2_CBAM_DEEP,44,single,79.49335837587279,79.1627918098311,0.3305665660416751,-0.12379360648864433,0.7630450023388692,1.039710286983908,1.7771224047574585,-1.0334677506307566,0.5730893671449564,-1.3667278687981024,44130478,49cb5393ee944552840291757fb56d8da63ad0a41cea82460ac536337688614d,local-artifacts/runs/colab_gpu_l4_2_20261005/trials/seed44/U2_CBAM_DEEP
L4 U2 구조,U2_CBAM_DEEP,44,d4,79.76633834371924,79.60420446398423,0.16213387973501303,-0.31617258802377984,0.7247693843041458,0.7962420478970889,1.5884718962664524,-0.9335173484570775,0.7747880274266976,-1.2736398413441805,44130478,49cb5393ee944552840291757fb56d8da63ad0a41cea82460ac536337688614d,local-artifacts/runs/colab_gpu_l4_2_20261005/trials/seed44/U2_CBAM_DEEP
L4 U2 구조,U2_ECA_CBAM_DEEP,44,single,79.78602022577958,79.1627918098311,0.6232284159484597,0.35040762079811255,0.890854991225932,1.2693921837025668,2.4358415197269556,-1.0615013046384765,0.5580609571507342,-1.2743858718402488,44130511,49cb5393ee944552840291757fb56d8da63ad0a41cea82460ac536337688614d,local-artifacts/runs/colab_gpu_l4_2_20261005/trials/seed44/U2_ECA_CBAM_DEEP
L4 U2 구조,U2_ECA_CBAM_DEEP,44,d4,80.02295874988666,79.60420446398423,0.41875428590240577,0.18929309370000752,0.6343494634330673,0.888416541124637,2.3392663052884455,-1.071420869902745,0.6943365391941535,-1.267340028266266,44130511,49cb5393ee944552840291757fb56d8da63ad0a41cea82460ac536337688614d,local-artifacts/runs/colab_gpu_l4_2_20261005/trials/seed44/U2_ECA_CBAM_DEEP
L4 U2 구조,U2_ECA_DEEP,44,single,79.42481785726018,79.1627918098311,0.2620260474290753,-0.40628175073258516,0.9217267482712935,0.9273417602014833,2.75879734435468,-1.4800638302460478,1.8221272189402367,-2.4686978037691114,44051485,49cb5393ee944552840291757fb56d8da63ad0a41cea82460ac536337688614d,local-artifacts/runs/colab_gpu_l4_2_20261005/trials/seed44/U2_ECA_DEEP
L4 U2 구조,U2_ECA_DEEP,44,d4,79.65667065452759,79.60420446398423,0.05246619054335821,-0.5035887946840607,0.548655550430144,0.3702258700419958,2.5379550977175036,-1.351972052703082,1.9688716933748414,-2.2186946953087108,44051485,49cb5393ee944552840291757fb56d8da63ad0a41cea82460ac536337688614d,local-artifacts/runs/colab_gpu_l4_2_20261005/trials/seed44/U2_ECA_DEEP
L4 U2 구조,U2_ECA_SCSE_DEEP,44,single,79.82408353498094,79.1627918098311,0.6612917251498196,-0.14813957487534482,1.4003452141859931,1.7345664874197864,2.8917180696033884,-1.526966122528195,1.5667342395174588,-2.4051194270485783,44097634,49cb5393ee944552840291757fb56d8da63ad0a41cea82460ac536337688614d,local-artifacts/runs/colab_gpu_l4_2_20261005/trials/seed44/U2_ECA_SCSE_DEEP
L4 U2 구조,U2_ECA_SCSE_DEEP,44,d4,80.00123357532371,79.60420446398423,0.3970291113394914,-0.3185869020578185,1.059155143444184,1.1877794962205979,2.5788005289137272,-1.4990403898820448,1.6994102024005857,-2.2971107896732788,44097634,49cb5393ee944552840291757fb56d8da63ad0a41cea82460ac536337688614d,local-artifacts/runs/colab_gpu_l4_2_20261005/trials/seed44/U2_ECA_SCSE_DEEP
L4 U2 구조,U2_PLAIN_DEEP,44,single,79.30721412538553,79.1627918098311,0.1444223155544172,-0.4569404118777527,0.6872309252443618,1.009180207967797,2.2797288971041274,-1.2431802988808138,1.5370073846187076,-1.9061908097332103,44051452,49cb5393ee944552840291757fb56d8da63ad0a41cea82460ac536337688614d,local-artifacts/runs/colab_gpu_l4_2_20261005/trials/seed44/U2_PLAIN_DEEP
L4 U2 구조,U2_PLAIN_DEEP,44,d4,79.62489542295508,79.60420446398423,0.02069095897084372,-0.5270002469415962,0.5227982605155083,0.7208938143369203,2.20080721648771,-1.4064218402949997,1.667163614089629,-1.7998400179047316,44051452,49cb5393ee944552840291757fb56d8da63ad0a41cea82460ac536337688614d,local-artifacts/runs/colab_gpu_l4_2_20261005/trials/seed44/U2_PLAIN_DEEP
L4 U2 구조,U2_SCSE_ALL_DEEP,44,single,79.53222820976514,79.1627918098311,0.3694363999340311,-0.15018916704050853,0.8254536855609126,0.8502525217041201,2.5209938593394154,-1.3598430120975586,1.5859022115460184,-2.0192558760263086,44097601,49cb5393ee944552840291757fb56d8da63ad0a41cea82460ac536337688614d,local-artifacts/runs/colab_gpu_l4_2_20261005/trials/seed44/U2_SCSE_ALL_DEEP
L4 U2 구조,U2_SCSE_ALL_DEEP,44,d4,79.79178201966599,79.60420446398423,0.1875775556817627,-0.3511417139500095,0.6737773254234787,0.4715108081594255,2.358304429998548,-1.3396804174843124,1.7736823444079612,-1.9554288224737537,44097601,49cb5393ee944552840291757fb56d8da63ad0a41cea82460ac536337688614d,local-artifacts/runs/colab_gpu_l4_2_20261005/trials/seed44/U2_SCSE_ALL_DEEP
L4 U2 구조,U2_SCSE_LAST2_DEEP,44,single,78.78198835464494,79.1627918098311,-0.3808034551861583,-1.2698473701316826,0.4729118523700216,-0.3083485591266033,0.793370578828223,-0.8901731611066804,1.8646327218580283,-1.7063375290641045,44052742,49cb5393ee944552840291757fb56d8da63ad0a41cea82460ac536337688614d,local-artifacts/runs/colab_gpu_l4_2_20261005/trials/seed44/U2_SCSE_LAST2_DEEP
L4 U2 구조,U2_SCSE_LAST2_DEEP,44,d4,79.07373944626224,79.60420446398423,-0.5304650177219888,-1.3446091645468927,0.23890153192081548,-0.7872910227583074,0.5403365940448768,-0.8066116058913608,1.9943689957602477,-1.5381490983392532,44052742,49cb5393ee944552840291757fb56d8da63ad0a41cea82460ac536337688614d,local-artifacts/runs/colab_gpu_l4_2_20261005/trials/seed44/U2_SCSE_LAST2_DEEP
L4 R03 증강,A01_BRIGHT_HALF,42,single,79.47449985160397,79.03902607374778,0.43547377785618346,0.033456962005911556,0.8782773530278551,1.080985267442136,0.7459483409139711,-0.5574364393073544,0.3299050960408383,-0.6102529457843064,51611779,760d6483e296c02d863d442239a830523dca3a7df91b4e48b0b1fe299d17ae01,local-artifacts/runs/r03_augmentation_gpu-l4-aug1_20261005/trials/seed42/A01_BRIGHT_HALF
L4 R03 증강,A01_BRIGHT_HALF,42,d4,79.85848916947072,79.51182083846577,0.34666833100494343,-0.030721038814674747,0.746633275131214,1.1128248778594974,0.6379502516493885,-0.49069501649666725,0.25371315714797366,-0.4914683123546801,51611779,760d6483e296c02d863d442239a830523dca3a7df91b4e48b0b1fe299d17ae01,local-artifacts/runs/r03_augmentation_gpu-l4-aug1_20261005/trials/seed42/A01_BRIGHT_HALF
L4 R03 증강,A03_CONTRAST_OFF,42,single,79.33269657480825,79.03902607374778,0.29367050106046955,-0.026276063087358702,0.6136729388196511,0.4048762495685754,1.0332509501755016,-0.7020248851702493,0.4252650069622631,-0.7540710469709098,51611779,760d6483e296c02d863d442239a830523dca3a7df91b4e48b0b1fe299d17ae01,local-artifacts/runs/r03_augmentation_gpu-l4-aug1_20261005/trials/seed42/A03_CONTRAST_OFF
L4 R03 증강,A03_CONTRAST_OFF,42,d4,79.86083091824369,79.51182083846577,0.34901007977791776,0.06954318317873162,0.6367871837576979,0.6921073549322698,1.164094789092196,-0.6226683630560892,0.3478132013632951,-0.7079829407693237,51611779,760d6483e296c02d863d442239a830523dca3a7df91b4e48b0b1fe299d17ae01,local-artifacts/runs/r03_augmentation_gpu-l4-aug1_20261005/trials/seed42/A03_CONTRAST_OFF
L4 R03 증강,A05_GAMMA_HALF,42,single,79.36859835916115,79.03902607374778,0.32957228541338535,-0.007757435203501597,0.6620887456610987,0.6150338370575992,0.7528712953540073,-0.4332262307808421,0.09745968876492886,-0.45051952734823514,51611779,760d6483e296c02d863d442239a830523dca3a7df91b4e48b0b1fe299d17ae01,local-artifacts/runs/r03_augmentation_gpu-l4-aug1_20261005/trials/seed42/A05_GAMMA_HALF
L4 R03 증강,A05_GAMMA_HALF,42,d4,79.78826473359825,79.51182083846577,0.2764438951324699,0.04818546322377227,0.49361628045185063,0.6087706770572576,0.5278752760528027,-0.24734220343734514,0.05312437944065482,-0.3801439838857418,51611779,760d6483e296c02d863d442239a830523dca3a7df91b4e48b0b1fe299d17ae01,local-artifacts/runs/r03_augmentation_gpu-l4-aug1_20261005/trials/seed42/A05_GAMMA_HALF
L4 R03 증강,A07_NOISE_HALF,42,single,79.16254594528147,79.03902607374778,0.12351987153369048,-0.19943755482485542,0.46731364292649835,0.2661342566628422,-0.7591019543500388,0.8993379768399701,-0.13174606126671803,-0.13461705840175503,51611779,760d6483e296c02d863d442239a830523dca3a7df91b4e48b0b1fe299d17ae01,local-artifacts/runs/r03_augmentation_gpu-l4-aug1_20261005/trials/seed42/A07_NOISE_HALF
L4 R03 증강,A07_NOISE_HALF,42,d4,79.5628485453093,79.51182083846577,0.05102770684352609,-0.37488167045271914,0.5198731047137186,0.32453190333681103,-0.5161062535047445,0.843486511547667,-0.06761284656083416,-0.2618567041201614,51611779,760d6483e296c02d863d442239a830523dca3a7df91b4e48b0b1fe299d17ae01,local-artifacts/runs/r03_augmentation_gpu-l4-aug1_20261005/trials/seed42/A07_NOISE_HALF
L4 R03 증강,A09_BLUR_WEAK,42,single,78.8643945896882,79.03902607374778,-0.1746314840595653,-0.6341068958356256,0.2533899768203073,-0.5812151826658951,0.0823831578364409,0.20345890927910837,0.049224792017004554,-0.0355607869792815,51611779,760d6483e296c02d863d442239a830523dca3a7df91b4e48b0b1fe299d17ae01,local-artifacts/runs/r03_augmentation_gpu-l4-aug1_20261005/trials/seed42/A09_BLUR_WEAK
L4 R03 증강,A09_BLUR_WEAK,42,d4,79.54641803614406,79.51182083846577,0.03459719767828662,-0.37172018567228154,0.40109485459195965,0.1086682991618626,0.4517227772124044,0.13908955642291942,0.03365643914873817,-0.16105969487352767,51611779,760d6483e296c02d863d442239a830523dca3a7df91b4e48b0b1fe299d17ae01,local-artifacts/runs/r03_augmentation_gpu-l4-aug1_20261005/trials/seed42/A09_BLUR_WEAK
L4 R03 증강,A01_BRIGHT_HALF,43,single,79.20225358167744,79.30589788731977,-0.10364430564233751,-0.4543173561754845,0.3143207071172409,-0.03312189526090137,0.49983731057066105,-0.1567722597200949,0.1824706946005103,-0.15061526792856245,51611779,760d6483e296c02d863d442239a830523dca3a7df91b4e48b0b1fe299d17ae01,local-artifacts/runs/r03_augmentation_gpu-l4-aug1_20261005/trials/seed43/A01_BRIGHT_HALF
L4 R03 증강,A01_BRIGHT_HALF,43,d4,79.54831684360312,79.57499633247073,-0.026679488867630833,-0.4435651937697138,0.49651784655460823,0.20744969491710563,0.778486226782138,-0.39990943005628055,0.20184864441342154,-0.2643434724403898,51611779,760d6483e296c02d863d442239a830523dca3a7df91b4e48b0b1fe299d17ae01,local-artifacts/runs/r03_augmentation_gpu-l4-aug1_20261005/trials/seed43/A01_BRIGHT_HALF
L4 R03 증강,A03_CONTRAST_OFF,43,single,79.25763621507265,79.30589788731977,-0.048261672247119636,-0.605827472120931,0.5272705323822081,-0.05939311924650914,-1.1402105962740605,0.8387423716386677,-0.04805491578991003,0.009283935062190385,51611779,760d6483e296c02d863d442239a830523dca3a7df91b4e48b0b1fe299d17ae01,local-artifacts/runs/r03_augmentation_gpu-l4-aug1_20261005/trials/seed43/A03_CONTRAST_OFF
L4 R03 증강,A03_CONTRAST_OFF,43,d4,79.7146568360379,79.57499633247073,0.13966050356714999,-0.35071230945882703,0.7331165201964953,0.4157325408733592,-0.40845431196216975,0.4153278847605302,0.06272336386810295,-0.15086394476058612,51611779,760d6483e296c02d863d442239a830523dca3a7df91b4e48b0b1fe299d17ae01,local-artifacts/runs/r03_augmentation_gpu-l4-aug1_20261005/trials/seed43/A03_CONTRAST_OFF
L4 R03 증강,A05_GAMMA_HALF,43,single,79.19947386323345,79.30589788731977,-0.10642402408633678,-0.6001671623523291,0.41129135408082557,0.19532739165499802,2.311228339806304,-1.1432298967071346,0.8199032542357015,-1.2361725319860573,51611779,760d6483e296c02d863d442239a830523dca3a7df91b4e48b0b1fe299d17ae01,local-artifacts/runs/r03_augmentation_gpu-l4-aug1_20261005/trials/seed43/A05_GAMMA_HALF
L4 R03 증강,A05_GAMMA_HALF,43,d4,79.5623344807005,79.57499633247073,-0.012661851770244812,-0.4819616499533712,0.574346365950695,0.4174145383408767,2.5604546996476185,-1.3036680827205465,0.9393506167047525,-1.3780841107938175,51611779,760d6483e296c02d863d442239a830523dca3a7df91b4e48b0b1fe299d17ae01,local-artifacts/runs/r03_augmentation_gpu-l4-aug1_20261005/trials/seed43/A05_GAMMA_HALF
L4 R03 증강,A07_NOISE_HALF,43,single,79.49427831888755,79.30589788731977,0.18838043156777062,-0.3255784324602696,0.7933121174524876,0.5232982510786965,-0.2762258821574659,0.34675349880318174,0.1021691904996444,-0.36124454465199657,51611779,760d6483e296c02d863d442239a830523dca3a7df91b4e48b0b1fe299d17ae01,local-artifacts/runs/r03_augmentation_gpu-l4-aug1_20261005/trials/seed43/A07_NOISE_HALF
L4 R03 증강,A07_NOISE_HALF,43,d4,79.88126834885901,79.57499633247073,0.3062720163882515,-0.2193021814685807,0.9853281071845625,0.6619987306117903,-0.16407402022887707,0.09294201367174848,0.01646825765833984,-0.32502061945398897,51611779,760d6483e296c02d863d442239a830523dca3a7df91b4e48b0b1fe299d17ae01,local-artifacts/runs/r03_augmentation_gpu-l4-aug1_20261005/trials/seed43/A07_NOISE_HALF
L4 R03 증강,A09_BLUR_WEAK,43,single,79.15817745491697,79.30589788731977,-0.14772043240281474,-0.626287574031957,0.3334879326424969,0.023092123769585804,-1.0602504724916417,1.0828499342289688,-0.37490033554449936,0.7442068659673327,51611779,760d6483e296c02d863d442239a830523dca3a7df91b4e48b0b1fe299d17ae01,local-artifacts/runs/r03_augmentation_gpu-l4-aug1_20261005/trials/seed43/A09_BLUR_WEAK
L4 R03 증강,A09_BLUR_WEAK,43,d4,79.46729290624327,79.57499633247073,-0.1077034262274762,-0.5651393186759088,0.357192999444517,0.12480270098739199,-0.9280220426869379,0.8548077545123239,-0.397457948949001,0.7234009043547457,51611779,760d6483e296c02d863d442239a830523dca3a7df91b4e48b0b1fe299d17ae01,local-artifacts/runs/r03_augmentation_gpu-l4-aug1_20261005/trials/seed43/A09_BLUR_WEAK
L4 R03 증강,A01_BRIGHT_HALF,44,single,79.33321686178552,79.32726943048974,0.005947431295773575,-0.4712051287426655,0.4353095441886424,0.38020951110790957,0.7642941701800687,-0.3747870528109043,0.20538826992104325,-0.16910024577560245,51611779,760d6483e296c02d863d442239a830523dca3a7df91b4e48b0b1fe299d17ae01,local-artifacts/runs/r03_augmentation_gpu-l4-aug1_20261005/trials/seed44/A01_BRIGHT_HALF
L4 R03 증강,A01_BRIGHT_HALF,44,d4,79.69120433974474,79.75719779641844,-0.0659934566736814,-0.5605202092865742,0.4327083446063042,0.42378884444065346,0.8335237145804419,-0.28346235956267507,0.3395040804682864,-0.35958669910517854,51611779,760d6483e296c02d863d442239a830523dca3a7df91b4e48b0b1fe299d17ae01,local-artifacts/runs/r03_augmentation_gpu-l4-aug1_20261005/trials/seed44/A01_BRIGHT_HALF
L4 R03 증강,A03_CONTRAST_OFF,44,single,79.38182919346683,79.32726943048974,0.054559762977083315,-0.4661279101542965,0.5231672416561559,0.1456425694342678,-0.18138140632896205,0.5752269639660995,-0.4487525219831735,1.0000124338416003,51611779,760d6483e296c02d863d442239a830523dca3a7df91b4e48b0b1fe299d17ae01,local-artifacts/runs/r03_augmentation_gpu-l4-aug1_20261005/trials/seed44/A03_CONTRAST_OFF
L4 R03 증강,A03_CONTRAST_OFF,44,d4,79.78056974338175,79.75719779641844,0.02337194696332423,-0.4412079354069182,0.4584863768984741,0.25957099962606867,-0.1246131799206629,0.5262760658141602,-0.399527729966169,0.9156280955084819,51611779,760d6483e296c02d863d442239a830523dca3a7df91b4e48b0b1fe299d17ae01,local-artifacts/runs/r03_augmentation_gpu-l4-aug1_20261005/trials/seed44/A03_CONTRAST_OFF
L4 R03 증강,A05_GAMMA_HALF,44,single,79.26227155862534,79.32726943048974,-0.06499787186438288,-0.5579141361279168,0.4176415635947796,0.1338845486706708,0.6628728876335255,0.5388911651176331,-0.2359850327835311,0.41620212452906785,51611779,760d6483e296c02d863d442239a830523dca3a7df91b4e48b0b1fe299d17ae01,local-artifacts/runs/r03_augmentation_gpu-l4-aug1_20261005/trials/seed44/A05_GAMMA_HALF
L4 R03 증강,A05_GAMMA_HALF,44,d4,79.62232403488262,79.75719779641844,-0.13487376153580144,-0.526462052828865,0.24695880935052336,-0.050386950665437524,0.5784128434650815,0.5335000970392245,-0.15241387461206596,0.36397998980425006,51611779,760d6483e296c02d863d442239a830523dca3a7df91b4e48b0b1fe299d17ae01,local-artifacts/runs/r03_augmentation_gpu-l4-aug1_20261005/trials/seed44/A05_GAMMA_HALF
L4 R03 증강,A07_NOISE_HALF,44,single,79.46873542099378,79.32726943048974,0.14146599050404496,-0.38296289962520536,0.6355479899353624,0.4571421240347262,0.9172914633048812,-0.04851961270566918,-0.18211073268448175,0.8219598221131719,51611779,760d6483e296c02d863d442239a830523dca3a7df91b4e48b0b1fe299d17ae01,local-artifacts/runs/r03_augmentation_gpu-l4-aug1_20261005/trials/seed44/A07_NOISE_HALF
L4 R03 증강,A07_NOISE_HALF,44,d4,79.82415766205693,79.75719779641844,0.06695986563848566,-0.41709514471367254,0.5092725404017487,0.4582583838709464,0.9332142585169678,-0.0006469281694093665,-0.11239810828014285,0.7147801075112842,51611779,760d6483e296c02d863d442239a830523dca3a7df91b4e48b0b1fe299d17ae01,local-artifacts/runs/r03_augmentation_gpu-l4-aug1_20261005/trials/seed44/A07_NOISE_HALF
L4 R03 증강,A09_BLUR_WEAK,44,single,78.83461953846907,79.32726943048974,-0.4926498920206806,-1.1536868314840887,0.10533501637667417,-0.5108095016861491,-0.4447998227723682,0.671834903931165,-0.010528886043856267,0.9800353950024238,51611779,760d6483e296c02d863d442239a830523dca3a7df91b4e48b0b1fe299d17ae01,local-artifacts/runs/r03_augmentation_gpu-l4-aug1_20261005/trials/seed44/A09_BLUR_WEAK
L4 R03 증강,A09_BLUR_WEAK,44,d4,79.34442097298471,79.75719779641844,-0.41277682343371974,-1.0526930048064966,0.11219698182391478,-0.44659167561440505,-0.4247232548962532,0.714639984473725,8.999047900748458e-05,1.0268695317000796,51611779,760d6483e296c02d863d442239a830523dca3a7df91b4e48b0b1fe299d17ae01,local-artifacts/runs/r03_augmentation_gpu-l4-aug1_20261005/trials/seed44/A09_BLUR_WEAK
T4 밝기 재검증,A01_BRIGHT_HALF,42,single,79.15639501110847,79.48004722164252,-0.3236522105340356,-0.8646733014553073,0.16557524505758667,-0.5152851361822863,0.18865050849100617,0.15213594117266527,0.3580121223174588,-0.3377860301644997,51611779,d56388fa6f1fee01a70f306e656a4cf5ed734a88e5783de5133bd5f34c2f106a,local-artifacts/runs/r03_brightness_reproduction_gpu-l4-r03-repro_20261006/trials/seed42/A01_BRIGHT_HALF
T4 밝기 재검증,A01_BRIGHT_HALF,42,d4,79.5618050534062,79.78235510490228,-0.220550051496069,-0.7029653691703135,0.1568151859916235,-0.21012608940245148,0.18345829266097624,0.04722575636685045,0.2695814782795979,-0.24776501697219427,51611779,d56388fa6f1fee01a70f306e656a4cf5ed734a88e5783de5133bd5f34c2f106a,local-artifacts/runs/r03_brightness_reproduction_gpu-l4-r03-repro_20261006/trials/seed42/A01_BRIGHT_HALF
T4 밝기 재검증,A01_BRIGHT_HALF,43,single,79.3753991327373,79.58203939134569,-0.2066402586083893,-0.8437023478215401,0.42966852043832005,0.06916528264926392,1.3174382299390053,-0.8288228063743991,0.3518327760922896,-0.8457499057100346,51611779,d56388fa6f1fee01a70f306e656a4cf5ed734a88e5783de5133bd5f34c2f106a,local-artifacts/runs/r03_brightness_reproduction_gpu-l4-r03-repro_20261006/trials/seed43/A01_BRIGHT_HALF
T4 밝기 재검증,A01_BRIGHT_HALF,43,d4,79.76765571676037,79.99430012104632,-0.22664440428596333,-0.747165910649582,0.20858806306308694,-0.2541263357148438,1.0740963813717141,-0.7369590063183301,0.2727611418711903,-0.5760184352424813,51611779,d56388fa6f1fee01a70f306e656a4cf5ed734a88e5783de5133bd5f34c2f106a,local-artifacts/runs/r03_brightness_reproduction_gpu-l4-r03-repro_20261006/trials/seed43/A01_BRIGHT_HALF
