계열,실험 ID,변경 내용,유형,seed,상태,완료 epoch,예정 epoch,best epoch,Single mIoU (%),D4 mIoU (%),부모 대비 차이 (%p),비교 부모,근거 수준,원자료,비고
초기 로컬,SMOKE_MIMU_2,MIMU-Net 2epoch 실행 확인,스모크 학습,42,완료,2,2,2,7.776837676730443,,,,로컬 저장 지표,local-artifacts/runs/mimu_paper,
초기 로컬,E0,MIMU-Net 전체 이미지224 축소,분할 학습,42,완료,150,150,59,66.03846855927635,,,,로컬 저장 지표,local-artifacts/runs/mimu_paper150,
초기 로컬,E1,MIMU-Net 원해상도 패치·Eutectic sampling·가중 Dice,분할 학습,42,완료,150,150,150,76.4688419191644,,,,로컬 저장 지표,local-artifacts/runs/mimu_patch_eutectic_w2,
초기 로컬,E2,MIMU-Net CE/Dice 0.5:0.5,분할 학습,42,완료,150,150,122,77.21878654329332,,,,로컬 저장 지표,local-artifacts/runs/mimu_patch_ce_dice05_eut2,
초기 로컬,E3,ImageNet ResNet34 U-Net,분할 학습,42,완료,100,100,71,76.99810759273078,,,,로컬 저장 지표,local-artifacts/runs/resnet34_unet_ce_dice,
초기 로컬,E4,ResNet34 U-Net + decoder scSE,분할 학습,42,완료,100,100,78,77.6722067601552,78.02635800149925,0.6740991674244299,E3 (Single),로컬 저장 지표,local-artifacts/runs/resnet34_unet_scse_ce_dice, 이 차이는Single; 나머지 D4 차이와 혼합 금지.
초기 로컬,E5_D4,E4 동일 checkpoint의 8-view D4 TTA,추론 평가,42,완료,,,78,77.6722067601552,78.02635800149925,0.3541512413440415,E4 Single,로컬 저장 지표,local-artifacts/runs/resnet34_unet_scse_ce_dice/d4_tta/metrics.json,추가 학습 없음; D4−Single 차이.
업샘플링,FULLRES_SKIP,원해상도 detail skip,분할 학습,42,완료,100,100,83,77.59304463389407,78.01614744030572,-0.010210561193531476,E4,로컬 저장 지표,local-artifacts/runs/upsampling_sweep_v1/fullres_skip,
업샘플링,PIXELSHUFFLE,PixelShuffle 업샘플링,분할 학습,42,완료,100,100,83,77.85269756615249,78.19966175105658,0.17330374955733419,E4,로컬 저장 지표,local-artifacts/runs/upsampling_sweep_v1/pixelshuffle,
업샘플링,DYSAMPLE100,DySample 업샘플링,분할 학습,42,완료,100,100,84,77.94690497522737,78.3579661006529,0.3316080991536552,E4,로컬 저장 지표,local-artifacts/runs/upsampling_sweep_v1/dysample,
보조 구조·손실,CONTRAST100,상 구별 contrast 보조 손실,분할 학습,42,완료,100,100,84,77.79759946545029,78.17638303201565,0.15002503051640304,E4,로컬 저장 지표,local-artifacts/runs/research_sweep_v1/contrast,
보조 구조·손실,SNAKE100,Snake 파생 구조,분할 학습,42,완료,100,100,84,77.83909985481631,78.23443334630917,0.2080753448099273,E4,로컬 저장 지표,local-artifacts/runs/research_sweep_v1/snake,
보조 구조·손실,BOUNDARY100,경계 보조 감독,분할 학습,42,완료,100,100,83,77.7942054010955,78.1802058276028,0.15384782610355785,E4,로컬 저장 지표,local-artifacts/runs/research_sweep_v1/boundary,
보조 구조·손실,CLDICE42,Eutectic clDice 보조 손실,분할 학습,42,완료,100,100,84,77.89145991508016,78.24361239256616,0.21725439106691624,E4,로컬 저장 지표,local-artifacts/runs/research_sweep_v1/cldice,
샘플링,CONTACT25,접촉 경계 중심 sampling 25%,분할 학습,42,완료,100,100,97,77.37592301460748,77.83549040193624,-0.19086759956300625,E4,로컬 저장 지표,local-artifacts/runs/contact_sampling_v1/contact25,
clDice 재현,CL_BASE_123,동일 seed 대조군,분할 학습,123,완료,100,100,100,77.52208993663763,77.92876206890989,,,로컬 저장 지표,local-artifacts/runs/cldice_seed_validation/123/baseline,
clDice 재현,CLDICE_123,clDice 추가 seed 검증,분할 학습,123,완료,100,100,100,77.62589726569331,77.98409740916506,0.055335340255169285,CL_BASE_123,로컬 저장 지표,local-artifacts/runs/cldice_seed_validation/123/cldice,
clDice 재현,CL_BASE_2026,동일 seed 대조군,분할 학습,2026,완료,100,100,91,77.63053667669297,77.90304905718541,,,로컬 저장 지표,local-artifacts/runs/cldice_seed_validation/2026/baseline,
clDice 재현,CLDICE_2026,clDice 추가 seed 검증,분할 학습,2026,완료,100,100,95,77.52316313148349,77.79755524607485,-0.10549381111056277,CL_BASE_2026,로컬 저장 지표,local-artifacts/runs/cldice_seed_validation/2026/cldice,
문맥·HRNet,CONTEXT_OLD,448 입력/중앙224 학습;224 검증 조건 불일치,분할 학습,42,완료·평가조건 불일치,100,100,24,26.832764277462957,30.73438575436137,,,로컬 저장 지표,local-artifacts/runs/context_hrnet_v1/context448,저장 점수는 평가 조건 불일치 진단값; 문맥 구조의 유효 성능 비교에서 제외.
문맥·HRNet,HRNET_W18_100,ImageNet HRNet-W18 + stride4 head,분할 학습,42,완료,100,100,91,73.14092739609052,73.57208812969074,-4.454269871808506,E4,로컬 저장 지표,local-artifacts/runs/context_hrnet_v1/hrnet_w18,
문맥 보정,CONTEXT_BASE,매 epoch halo 검증 대조군,분할 학습,42,완료,100,100,83,77.80029487254627,78.12744935608642,,,로컬 저장 지표,local-artifacts/runs/context_corrected_v1/baseline,
문맥 보정,CONTEXT448,매 epoch 448 context/중앙224 halo 검증,분할 학습,42,완료,100,100,98,78.11552513553833,78.49573722884851,0.36828787276209596,CONTEXT_BASE,로컬 저장 지표,local-artifacts/runs/context_corrected_v1/context448,
문맥 재평가,HALO_baseline_best,baseline_best 동일 checkpoint halo 재평가,추론 평가,42,완료,,,78,76.6551,78.2953,,,로컬 저장 지표,local-artifacts/runs/context_hrnet_v1/halo_eval/RESULTS_KO.md,과거 학습의 재평가; 새 학습 아님. 기존 부적절한검증으로 best 선택한 기록을 유지.
문맥 재평가,HALO_context_best224,context_best224 동일 checkpoint halo 재평가,추론 평가,42,완료,,,24,75.4055,75.6602,,,로컬 저장 지표,local-artifacts/runs/context_hrnet_v1/halo_eval/RESULTS_KO.md,과거 학습의 재평가; 새 학습 아님. 기존 부적절한검증으로 best 선택한 기록을 유지.
문맥 재평가,HALO_context_last100,context_last100 동일 checkpoint halo 재평가,추론 평가,42,완료,,,100,77.9383,78.2781,,,로컬 저장 지표,local-artifacts/runs/context_hrnet_v1/halo_eval/RESULTS_KO.md,과거 학습의 재평가; 새 학습 아님. 기존 부적절한검증으로 best 선택한 기록을 유지.
학습 길이,DYSAMPLE200,DySample 100→200epoch/cosine 경로 변경,분할 학습,42,완료,200,200,158,78.44711141447316,78.73076096272686,0.3727948620739596,DYSAMPLE100,로컬 저장 지표,local-artifacts/runs/dysample_200_v1/dysample,
사전학습,TRAIN_SSL50,Train70만 사용한 SSL50epoch,사전학습,42,완료,50,50,,,,,,로컬 저장 지표,local-artifacts/runs/domain_ssl_200_v1/ssl,
사전학습,SSL_DYSAMPLE200,ImageNet+Train-only SSL 후 DySample200,분할 학습,42,완료,200,200,181,78.14120297933765,78.37604768389961,-0.3547132788272478,DYSAMPLE200,로컬 저장 지표,local-artifacts/runs/domain_ssl_200_v1/dysample,
팀 보고 R012–R044,ZIP-REF,"ImageNet ResNet34 U-Net+scSE, 원본 Context448 recipe",분할 학습,42,완료(팀 보고),100,100,98,,78.49573722999999,,,팀 제공 보고서; 원 checkpoint/서버 linked files 미포함,docs/EXPERIMENT_RESULTS_KO.md,원본 기준; 원 보고의 Δ를 보존. R03(채널RRCU)과 R031(타일Dice)은 다른 ID.
팀 보고 R012–R044,R012,ZIP-REF: MatSSL ResNet50로 encoder 교체; ZIP의 100e 문맥·loss·sampling 유지,분할 학습,42,완료(팀 보고),100,100,83,,77.39475229,-1.101,ZIP-REF,팀 제공 보고서; 원 checkpoint/서버 linked files 미포함,docs/EXPERIMENT_RESULTS_KO.md,미채택; 원 보고의 Δ를 보존. R03(채널RRCU)과 R031(타일Dice)은 다른 ID.
팀 보고 R012–R044,R013,"R012: MatSSL ResNet50 유지, gray 단일채널 정규화→RGB 반복/ImageNet 채널별 정규화",분할 학습,42,완료(팀 보고),100,100,63,,77.32681795,-0.0679,R012,팀 제공 보고서; 원 checkpoint/서버 linked files 미포함,docs/EXPERIMENT_RESULTS_KO.md,미채택; 원 보고의 Δ를 보존. R03(채널RRCU)과 R031(타일Dice)은 다른 ID.
팀 보고 R012–R044,R014,ZIP-REF: ResNet34 유지; Al3Ni/Eutectic 균형 sampling + 약한 광도 증강 + 100→150e,분할 학습,42,완료(팀 보고),150,150,137,,79.3096283,0.8139,ZIP-REF,팀 제공 보고서; 원 checkpoint/서버 linked files 미포함,docs/EXPERIMENT_RESULTS_KO.md,기본 recipe에 반영; 원 보고의 Δ를 보존. R03(채널RRCU)과 R031(타일Dice)은 다른 ID.
팀 보고 R012–R044,R015,R014 + boundary; 동일-epoch 지시로 중단,분할 학습,42,중단,120,180,,,,,R022,팀 제공 보고서; 원 checkpoint/서버 linked files 미포함,docs/EXPERIMENT_RESULTS_KO.md,중단·완료 비교 제외; 원 보고의 Δ를 보존. R03(채널RRCU)과 R031(타일Dice)은 다른 ID.
팀 보고 R012–R044,R016,"R014: train-only 4클래스 boundary head/보조 loss, 가중치 0.1",분할 학습,42,완료(팀 보고),150,150,129,,79.28485676,-0.0248,R014,팀 제공 보고서; 원 checkpoint/서버 linked files 미포함,docs/EXPERIMENT_RESULTS_KO.md,미채택; 원 보고의 Δ를 보존. R03(채널RRCU)과 R031(타일Dice)은 다른 ID.
팀 보고 R012–R044,R017,"R014: Eutectic Si clDice 보조 loss, 가중치 0.05",분할 학습,42,완료(팀 보고),150,150,131,,79.12932426,-0.1803,R014,팀 제공 보고서; 원 checkpoint/서버 linked files 미포함,docs/EXPERIMENT_RESULTS_KO.md,미채택; 원 보고의 Δ를 보존. R03(채널RRCU)과 R031(타일Dice)은 다른 ID.
팀 보고 R012–R044,R018,R014: full-resolution grayscale detail skip 추가,분할 학습,42,완료(팀 보고),150,150,137,,79.30963258,0.0,R014,팀 제공 보고서; 원 checkpoint/서버 linked files 미포함,docs/EXPERIMENT_RESULTS_KO.md,표시자리 동률·개선 미채택; 원 보고의 Δ를 보존. R03(채널RRCU)과 R031(타일Dice)은 다른 ID.
팀 보고 R012–R044,R019,R014: ImageNet V2 ResNet50 + RGB 반복/ImageNet 정규화,분할 학습,42,완료(팀 보고),150,150,139,,79.46244054,0.1528,R014,팀 제공 보고서; 원 checkpoint/서버 linked files 미포함,docs/EXPERIMENT_RESULTS_KO.md,기본 recipe에 반영; 원 보고의 Δ를 보존. R03(채널RRCU)과 R031(타일Dice)은 다른 ID.
팀 보고 R012–R044,R020,R019: Dice 0.5 중 절반을 per-image weighted Lovasz로 교체,분할 학습,42,완료(팀 보고),150,150,88,,79.69365058,0.2312,R019,팀 제공 보고서; 원 checkpoint/서버 linked files 미포함,docs/EXPERIMENT_RESULTS_KO.md,기본 recipe에 반영; 원 보고의 Δ를 보존. R03(채널RRCU)과 R031(타일Dice)은 다른 ID.
팀 보고 R012–R044,R021,R020: Al3Ni/Eutectic-rich tile 최소 비율 10%→3%,분할 학습,42,완료(팀 보고),150,150,118,,79.40841594,-0.2852,R020,팀 제공 보고서; 원 checkpoint/서버 linked files 미포함,docs/EXPERIMENT_RESULTS_KO.md,미채택; 원 보고의 Δ를 보존. R03(채널RRCU)과 R031(타일Dice)은 다른 ID.
팀 보고 R012–R044,R022,R020: encoder ImageNet V2 ResNet50→ResNet101,분할 학습,42,완료(팀 보고),150,150,123,,79.89694265,0.2033,R020,팀 제공 보고서; 원 checkpoint/서버 linked files 미포함,docs/EXPERIMENT_RESULTS_KO.md,기본 recipe에 반영; 원 보고의 Δ를 보존. R03(채널RRCU)과 R031(타일Dice)은 다른 ID.
팀 보고 R012–R044,R023,R022: encoder ResNet101→ImageNet V2 ResNet152,분할 학습,42,완료(팀 보고),150,150,103,,79.6613421,-0.2356,R022,팀 제공 보고서; 원 checkpoint/서버 linked files 미포함,docs/EXPERIMENT_RESULTS_KO.md,미채택; 원 보고의 Δ를 보존. R03(채널RRCU)과 R031(타일Dice)은 다른 ID.
팀 보고 R012–R044,R024,R022: ImageNet V1 ConvNeXt-Tiny + grayscale detail skips; loss/sampler 유지,분할 학습,42,완료(팀 보고),150,150,126,,79.78432398000001,-0.1126,R022,팀 제공 보고서; 원 checkpoint/서버 linked files 미포함,docs/EXPERIMENT_RESULTS_KO.md,미채택; 원 보고의 Δ를 보존. R03(채널RRCU)과 R031(타일Dice)은 다른 ID.
팀 보고 R012–R044,R025,R024: ConvNeXt-Tiny→ConvNeXt-Small,분할 학습,42,완료(팀 보고),150,150,133,,79.23599793,-0.5483,R024,팀 제공 보고서; 원 checkpoint/서버 linked files 미포함,docs/EXPERIMENT_RESULTS_KO.md,미채택; 원 보고의 Δ를 보존. R03(채널RRCU)과 R031(타일Dice)은 다른 ID.
팀 보고 R012–R044,R026,R022: encoder LR 3e-4→1e-4; decoder LR 3e-4 유지,분할 학습,42,완료(팀 보고),150,150,137,,78.87243826,-1.0245,R022,팀 제공 보고서; 원 checkpoint/서버 linked files 미포함,docs/EXPERIMENT_RESULTS_KO.md,미채택; 원 보고의 Δ를 보존. R03(채널RRCU)과 R031(타일Dice)은 다른 ID.
팀 보고 R012–R044,R027,R022: Eutectic Si의 Dice/Lovasz 가중치 2→1; CE는 그대로,분할 학습,42,완료(팀 보고),150,150,123,,79.60386857,-0.2931,R022,팀 제공 보고서; 원 checkpoint/서버 linked files 미포함,docs/EXPERIMENT_RESULTS_KO.md,미채택; 원 보고의 Δ를 보존. R03(채널RRCU)과 R031(타일Dice)은 다른 ID.
팀 보고 R012–R044,R028,R022: 밝기/대비·감마·노이즈 광도 증강만 제거; fresh attempt2,분할 학습,42,완료(팀 보고),150,150,121,,79.27958114,-0.6174,R022,팀 제공 보고서; 원 checkpoint/서버 linked files 미포함,docs/EXPERIMENT_RESULTS_KO.md,미채택; 원 보고의 Δ를 보존. R03(채널RRCU)과 R031(타일Dice)은 다른 ID.
팀 보고 R012–R044,R029,R022: 마지막 bilinear 업샘플링만 DySample LP x2/groups4로 교체,분할 학습,42,완료(팀 보고),150,150,95,,79.75628892,-0.1407,R022,팀 제공 보고서; 원 checkpoint/서버 linked files 미포함,docs/EXPERIMENT_RESULTS_KO.md,미채택; 원 보고의 Δ를 보존. R03(채널RRCU)과 R031(타일Dice)은 다른 ID.
팀 보고 R012–R044,R030,R022: 감독 영역 192/224/256 균등 배율 jitter; 문맥은 2배 후448/224로 resize; 추론448 고정,분할 학습,42,완료(팀 보고),150,150,131,,79.16569615,-0.7312,R022,팀 제공 보고서; 원 checkpoint/서버 linked files 미포함,docs/EXPERIMENT_RESULTS_KO.md,미채택; 원 보고의 Δ를 보존. R03(채널RRCU)과 R031(타일Dice)은 다른 ID.
팀 보고 R012–R044,R031,"R022: Dice batch-pooling → 타일별 spatial(2,3) 계산 후 평균; CE/Lovasz 유지",분할 학습,42,완료(팀 보고),150,150,118,,79.93317515,0.0362,R022,팀 제공 보고서; 원 checkpoint/서버 linked files 미포함,docs/EXPERIMENT_RESULTS_KO.md,관측 최고 checkpoint 보존; 우위 미채택; 원 보고의 Δ를 보존. R03(채널RRCU)과 R031(타일Dice)은 다른 ID.
팀 보고 R012–R044,R032,R022 기본 recipe의 seed43 fresh 재검증 (seed42와 다른 초기화/RNG),분할 학습,43,완료(팀 보고),150,150,99,,79.75259082000001,-0.1444,R022 (다른seed 참고),팀 제공 보고서; 원 checkpoint/서버 linked files 미포함,docs/EXPERIMENT_RESULTS_KO.md,기준 seed43 재현 대조; 원 보고의 Δ를 보존. R03(채널RRCU)과 R031(타일Dice)은 다른 ID.
팀 보고 R012–R044,R033,R031 타일별 Dice의 seed43 fresh 재검증; same-seed R032와 대조,분할 학습,43,완료(팀 보고),150,150,92,,79.48138677,-0.2712,R032,팀 제공 보고서; 원 checkpoint/서버 linked files 미포함,docs/EXPERIMENT_RESULTS_KO.md,seed43 이득 재현 실패·미채택; 원 보고의 Δ를 보존. R03(채널RRCU)과 R031(타일Dice)은 다른 ID.
팀 보고 R012–R044,R034,R022: decoder BN10개 → GroupNorm8; encoder BN 유지,분할 학습,42,완료(팀 보고),150,150,117,,79.24690619,-0.65,R022,팀 제공 보고서; 원 checkpoint/서버 linked files 미포함,docs/EXPERIMENT_RESULTS_KO.md,미채택; 원 보고의 Δ를 보존. R03(채널RRCU)과 R031(타일Dice)은 다른 ID.
팀 보고 R012–R044,R035,"R022: encoder BN104개 pretrained 통계 고정, affine 학습; decoder BN 유지",분할 학습,42,완료(팀 보고),150,150,137,,79.78640491,-0.1105,R022,팀 제공 보고서; 원 checkpoint/서버 linked files 미포함,docs/EXPERIMENT_RESULTS_KO.md,미채택; 원 보고의 Δ를 보존. R03(채널RRCU)과 R031(타일Dice)은 다른 ID.
팀 보고 R012–R044,R036,"R022: CE만 타일별 손실 상위25% 평균 (k=max(1,floor(HW/4)), threshold 없음)",분할 학습,42,완료(팀 보고),150,150,108,,79.64402627,-0.2529,R022,팀 제공 보고서; 원 checkpoint/서버 linked files 미포함,docs/EXPERIMENT_RESULTS_KO.md,미채택; 원 보고의 Δ를 보존. R03(채널RRCU)과 R031(타일Dice)은 다른 ID.
팀 보고 R012–R044,R037,"R022: native crop 원점 dy/dx ±56px; clamp, targeted 희귀상10% 미달이면 원래 위치 fallback",분할 학습,42,완료(팀 보고),150,150,90,,79.62283235,-0.2741,R022,팀 제공 보고서; 원 checkpoint/서버 linked files 미포함,docs/EXPERIMENT_RESULTS_KO.md,미채택; 원 보고의 Δ를 보존. R03(채널RRCU)과 R031(타일Dice)은 다른 ID.
팀 보고 R012–R044,R038,R022: RGB HRNet-W18 ms_in1k + stride4 merge/head; architecture+pretraining 시스템 대조,분할 학습,42,완료(팀 보고),150,150,137,,74.9829937,-4.9139,R022,팀 제공 보고서; 원 checkpoint/서버 linked files 미포함,docs/EXPERIMENT_RESULTS_KO.md,미채택; 원 보고의 Δ를 보존. R03(채널RRCU)과 R031(타일Dice)은 다른 ID.
팀 보고 R012–R044,R039,"R022: ResNet101 layer4 stride→dilation, OS32→16; 기존 decoder 유지",분할 학습,42,완료(팀 보고),150,150,137,,79.80706151,-0.0899,R022,팀 제공 보고서; 원 checkpoint/서버 linked files 미포함,docs/EXPERIMENT_RESULTS_KO.md,미채택; 원 보고의 Δ를 보존. R03(채널RRCU)과 R031(타일Dice)은 다른 ID.
팀 보고 R012–R044,R040,"R022: 감독224 안112-square image-mask CutMix, p=.5/batch, nonself donor; 별도 mix RNG",분할 학습,42,완료(팀 보고),150,150,119,,79.40353882,-0.4934,R022,팀 제공 보고서; 원 checkpoint/서버 linked files 미포함,docs/EXPERIMENT_RESULTS_KO.md,미채택; 원 보고의 Δ를 보존. R03(채널RRCU)과 R031(타일Dice)은 다른 ID.
팀 보고 R012–R044,R041,"R022: CE만 GT radius2 경계2/내부1 가중, 타일별 sumweight 정규화",분할 학습,42,완료(팀 보고),150,150,118,,79.72385272,-0.1731,R022,팀 제공 보고서; 원 checkpoint/서버 linked files 미포함,docs/EXPERIMENT_RESULTS_KO.md,미채택; 원 보고의 Δ를 보존. R03(채널RRCU)과 R031(타일Dice)은 다른 ID.
팀 보고 R012–R044,R042,"R022: ImageNet V2 ResNeXt101-32x8d encoder; 동일 skip폭/decoder, architecture+pretraining 대조",분할 학습,42,완료(팀 보고),150,150,101,,79.49337633,-0.4036,R022,팀 제공 보고서; 원 checkpoint/서버 linked files 미포함,docs/EXPERIMENT_RESULTS_KO.md,미채택; 원 보고의 Δ를 보존. R03(채널RRCU)과 R031(타일Dice)은 다른 ID.
팀 보고 R012–R044,R043,R022: 기본 fresh 모델 생성 후 decoder0–4 scSE→Identity; 나머지 초기 state/RNG 유지,분할 학습,42,완료(팀 보고),150,150,118,,79.55732038,-0.3396,R022,팀 제공 보고서; 원 checkpoint/서버 linked files 미포함,docs/EXPERIMENT_RESULTS_KO.md,미채택; 원 보고의 Δ를 보존. R03(채널RRCU)과 R031(타일Dice)은 다른 ID.
팀 보고 R012–R044,R044,R022: CE.5+Dice.25+Lovasz.25 → CE.5+Dice0+Lovasz.5; classweight/present-class 정책 유지,분할 학습,42,완료(팀 보고),150,150,90,,79.6378758,-0.2591,R022,팀 제공 보고서; 원 checkpoint/서버 linked files 미포함,docs/EXPERIMENT_RESULTS_KO.md,미채택; 원 보고의 Δ를 보존. R03(채널RRCU)과 R031(타일Dice)은 다른 ID.
팀 D계열 서버,B,기준,분할 학습,42,완료(사용자 보고),150,150,140,79.35900000000001,79.7248,,,사용자 전달 서버 보고,docs/PHASE_DISCRIMINATION_SERVER_RESULTS_20261003_KO.md,
팀 D계열 서버,D01,상 구별 대조학습,분할 학습,42,완료(사용자 보고),150,150,140,79.24459999999999,79.7461,0.0213,B,사용자 전달 서버 보고,docs/PHASE_DISCRIMINATION_SERVER_RESULTS_20261003_KO.md,
팀 D계열 서버,D02,파생 BEM,분할 학습,42,완료(사용자 보고),150,150,115,79.1959,79.6669,-0.0579,B,사용자 전달 서버 보고,docs/PHASE_DISCRIMINATION_SERVER_RESULTS_20261003_KO.md,
팀 D계열 서버,D03,Al3Ni–Eutectic 접촉부 CE 가중,분할 학습,42,완료(사용자 보고),150,150,140,79.402,79.8005,0.0758,B,사용자 전달 서버 보고,docs/PHASE_DISCRIMINATION_SERVER_RESULTS_20261003_KO.md,
팀 D03 추가 seed 서버,B,같은 seed B/D03 fresh 검증,분할 학습,43,완료(사용자 보고),150,150,108,79.4181,79.7892,,,사용자 전달 서버 보고,docs/D03_ADDITIONAL_SEEDS_SERVER_RESULTS_20261004_KO.md,현재 로컬 MPS followup과 별개; 원정밀도 보고 Δ 보존.
팀 D03 추가 seed 서버,D03,같은 seed B/D03 fresh 검증,분할 학습,43,완료(사용자 보고),150,150,115,79.3674,79.6844,-0.1049,B,사용자 전달 서버 보고,docs/D03_ADDITIONAL_SEEDS_SERVER_RESULTS_20261004_KO.md,현재 로컬 MPS followup과 별개; 원정밀도 보고 Δ 보존.
팀 D03 추가 seed 서버,B,같은 seed B/D03 fresh 검증,분할 학습,44,완료(사용자 보고),150,150,105,79.1824,79.5527,,,사용자 전달 서버 보고,docs/D03_ADDITIONAL_SEEDS_SERVER_RESULTS_20261004_KO.md,현재 로컬 MPS followup과 별개; 원정밀도 보고 Δ 보존.
팀 D03 추가 seed 서버,D03,같은 seed B/D03 fresh 검증,분할 학습,44,완료(사용자 보고),150,150,128,78.9994,79.3878,-0.1649,B,사용자 전달 서버 보고,docs/D03_ADDITIONAL_SEEDS_SERVER_RESULTS_20261004_KO.md,현재 로컬 MPS followup과 별개; 원정밀도 보고 Δ 보존.
RRCU Mac seed42,B,RRCU와 같은 코드의 대조군,분할 학습,42,완료,150,150,140,79.34277907324842,79.6303497679621,,,로컬 저장 지표,experiments/rrcu_scse_lab/runs/rrcu_scse_mps_20261003/trials/B,code=f026eb6cfc47 initialization=imagenet
RRCU Mac seed42,R01,Shallow decoder block3 RRCU(t=2) followed by original scSE,분할 학습,42,완료,150,150,121,78.14922758843991,78.83507941256036,-0.7952703554017404,B,로컬 저장 지표,experiments/rrcu_scse_lab/runs/rrcu_scse_mps_20261003/trials/R01,code=f026eb6cfc47 initialization=imagenet
RRCU Mac seed42,R02,RRCU(t=2) inside block3 spatial attention logit branch,분할 학습,42,완료,150,150,97,79.00695911237725,79.46183869388005,-0.16851107408204768,B,로컬 저장 지표,experiments/rrcu_scse_lab/runs/rrcu_scse_mps_20261003/trials/R02,code=f026eb6cfc47 initialization=imagenet
RRCU Mac seed42,R03,Pooled recurrent residual 1x1 unit inside block3 channel attention logit branch,분할 학습,42,완료,150,150,140,79.59201415224675,80.06271144022028,0.4323616722581818,B,로컬 저장 지표,experiments/rrcu_scse_lab/runs/rrcu_scse_mps_20261003/trials/R03,code=f026eb6cfc47 initialization=imagenet
초기 RRCU,C13,decoder RRCU 초기 시도,분할 학습,42,사용자 중단,11,150,9,74.63420238755837,,,,로컬 저장 지표,experiments/server_architecture_lab/runs/rrcu_mps_20261002/C13,사용자가 중단; 자동 재개하지 않음. code=14d74067566b initialization=imagenet
L4 아키텍처,B,"Maintained ResNet101 U-Net/scSE, R022-aligned recipe",분할 학습,42,완료,150,150,134,79.4433222277927,79.78468325047648,,,로컬 저장 지표,local-artifacts/runs/colab_gpu_l4_20261005/trials/seed42/B,code=49cb5393ee94 initialization=imagenet; 실행 슬롯=gpu-l4
L4 아키텍처,B_SCRATCH,"R101 U-Net/scSE baseline, fresh scratch initialization",분할 학습,42,완료,150,150,145,77.77246864096294,78.14522952573296,-1.6394537247435181,B,로컬 저장 지표,local-artifacts/runs/colab_gpu_l4_20261005/trials/seed42/B_SCRATCH,code=49cb5393ee94 initialization=none; 실행 슬롯=gpu-l4
L4 아키텍처,U2_PLAIN_DEEP,U²-Net without attention; six-side deep supervision,분할 학습,42,완료,150,150,119,79.36098536364547,79.5024643971948,-0.28221885328167673,B,로컬 저장 지표,local-artifacts/runs/colab_gpu_l4_20261005/trials/seed42/U2_PLAIN_DEEP,code=49cb5393ee94 initialization=none; 실행 슬롯=gpu-l4
L4 아키텍처,U2_SCSE_ALL_DEEP,scSE after all five decoder RSUs; six-side deep supervision,분할 학습,42,완료,150,150,107,79.21441900034331,79.35507285620062,-0.4296103942758549,B,로컬 저장 지표,local-artifacts/runs/colab_gpu_l4_20261005/trials/seed42/U2_SCSE_ALL_DEEP,code=49cb5393ee94 initialization=none; 실행 슬롯=gpu-l4
L4 아키텍처,U2_SCSE_LAST2_DEEP,scSE after stage2d/stage1d only; six-side deep supervision,분할 학습,42,완료,150,150,118,79.32135327897527,79.57464238464911,-0.21004086582736647,B,로컬 저장 지표,local-artifacts/runs/colab_gpu_l4_20261005/trials/seed42/U2_SCSE_LAST2_DEEP,code=49cb5393ee94 initialization=none; 실행 슬롯=gpu-l4
L4 아키텍처,U2_ECA_DEEP,ECA on final residual branch inside all 11 outer RSUs; six-side deep supervision,분할 학습,42,완료,150,150,120,79.297846056066,79.50768856567322,-0.27699468480325606,B,로컬 저장 지표,local-artifacts/runs/colab_gpu_l4_20261005/trials/seed42/U2_ECA_DEEP,code=49cb5393ee94 initialization=none; 실행 슬롯=gpu-l4
L4 아키텍처,U2_CBAM_DEEP,CBAM on six side-head feature maps before prediction/fusion; six-side deep supervision,분할 학습,42,완료,150,150,135,79.68155573265045,79.8406001963286,0.05591694585211826,B,로컬 저장 지표,local-artifacts/runs/colab_gpu_l4_20261005/trials/seed42/U2_CBAM_DEEP,code=49cb5393ee94 initialization=none; 실행 슬롯=gpu-l4
L4 아키텍처,U2_ECA_CBAM_DEEP,RSU residual-branch ECA + six pre-fusion CBAM gates; six-side deep supervision,분할 학습,42,완료,150,150,96,79.3344965891512,79.50104185013251,-0.2836414003439671,B,로컬 저장 지표,local-artifacts/runs/colab_gpu_l4_20261005/trials/seed42/U2_ECA_CBAM_DEEP,code=49cb5393ee94 initialization=none; 실행 슬롯=gpu-l4
L4 아키텍처,U2_ECA_SCSE_DEEP,RSU residual-branch ECA + five decoder scSE gates; six-side deep supervision,분할 학습,42,완료,150,150,122,79.13564196577936,79.31566321433891,-0.4690200361375645,B,로컬 저장 지표,local-artifacts/runs/colab_gpu_l4_20261005/trials/seed42/U2_ECA_SCSE_DEEP,code=49cb5393ee94 initialization=none; 실행 슬롯=gpu-l4
L4 아키텍처,U2_PLAIN,U²-Net without attention; fused loss only,분할 학습,42,완료,150,150,145,79.23213051333737,79.49861033849754,-0.28607291197893403,B,로컬 저장 지표,local-artifacts/runs/colab_gpu_l4_20261005/trials/seed42/U2_PLAIN,code=49cb5393ee94 initialization=none; 실행 슬롯=gpu-l4
L4 아키텍처,U2_SCSE_ALL,scSE after all five decoder RSUs; fused loss only,분할 학습,42,완료,150,150,146,79.20938859587821,79.33926717483202,-0.4454160756444594,B,로컬 저장 지표,local-artifacts/runs/colab_gpu_l4_20261005/trials/seed42/U2_SCSE_ALL,code=49cb5393ee94 initialization=none; 실행 슬롯=gpu-l4
L4 아키텍처,U2_SCSE_LAST2,scSE after stage2d/stage1d only; fused loss only,분할 학습,42,완료,150,150,135,79.50870969408619,79.79757892998147,0.01289567950499304,B,로컬 저장 지표,local-artifacts/runs/colab_gpu_l4_20261005/trials/seed42/U2_SCSE_LAST2,code=49cb5393ee94 initialization=none; 실행 슬롯=gpu-l4
L4 아키텍처,U2_ECA,ECA on final residual branch inside all 11 outer RSUs; fused loss only,분할 학습,42,학습 중,145,150,135,80.00732772873714,,,B,로컬 저장 지표,local-artifacts/runs/colab_gpu_l4_20261005/trials/seed42/U2_ECA,code=49cb5393ee94 initialization=none; 실행 슬롯=gpu-l4; GPU 프로세스와120초 이내 상태 확인. 현재epoch=146
L4 아키텍처,B,"Maintained ResNet101 U-Net/scSE, R022-aligned recipe",분할 학습,44,완료,150,150,113,79.1627918098311,79.60420446398423,,,로컬 저장 지표,local-artifacts/runs/colab_gpu_l4_2_20261005/trials/seed44/B,code=49cb5393ee94 initialization=imagenet; 실행 슬롯=gpu-l4-2
L4 아키텍처,B_SCRATCH,"R101 U-Net/scSE baseline, fresh scratch initialization",분할 학습,44,완료,150,150,128,78.29008046039327,78.6525198557276,-0.9516846082566275,B,로컬 저장 지표,local-artifacts/runs/colab_gpu_l4_2_20261005/trials/seed44/B_SCRATCH,code=49cb5393ee94 initialization=none; 실행 슬롯=gpu-l4-2
L4 아키텍처,U2_PLAIN_DEEP,U²-Net without attention; six-side deep supervision,분할 학습,44,완료,150,150,113,79.30721412538553,79.62489542295508,0.02069095897084594,B,로컬 저장 지표,local-artifacts/runs/colab_gpu_l4_2_20261005/trials/seed44/U2_PLAIN_DEEP,code=49cb5393ee94 initialization=none; 실행 슬롯=gpu-l4-2
L4 아키텍처,U2_SCSE_ALL_DEEP,scSE after all five decoder RSUs; six-side deep supervision,분할 학습,44,완료,150,150,113,79.53222820976514,79.79178201966599,0.18757755568175583,B,로컬 저장 지표,local-artifacts/runs/colab_gpu_l4_2_20261005/trials/seed44/U2_SCSE_ALL_DEEP,code=49cb5393ee94 initialization=none; 실행 슬롯=gpu-l4-2
L4 아키텍처,U2_SCSE_LAST2_DEEP,scSE after stage2d/stage1d only; six-side deep supervision,분할 학습,44,완료,150,150,119,78.78198835464494,79.07373944626224,-0.5304650177219941,B,로컬 저장 지표,local-artifacts/runs/colab_gpu_l4_2_20261005/trials/seed44/U2_SCSE_LAST2_DEEP,code=49cb5393ee94 initialization=none; 실행 슬롯=gpu-l4-2
L4 아키텍처,U2_ECA_DEEP,ECA on final residual branch inside all 11 outer RSUs; six-side deep supervision,분할 학습,44,완료,150,150,119,79.42481785726018,79.65667065452759,0.052466190543356106,B,로컬 저장 지표,local-artifacts/runs/colab_gpu_l4_2_20261005/trials/seed44/U2_ECA_DEEP,code=49cb5393ee94 initialization=none; 실행 슬롯=gpu-l4-2
L4 아키텍처,U2_CBAM_DEEP,CBAM on six side-head feature maps before prediction/fusion; six-side deep supervision,분할 학습,44,완료,150,150,119,79.49335837587279,79.76633834371924,0.16213387973500915,B,로컬 저장 지표,local-artifacts/runs/colab_gpu_l4_2_20261005/trials/seed44/U2_CBAM_DEEP,code=49cb5393ee94 initialization=none; 실행 슬롯=gpu-l4-2
L4 아키텍처,U2_ECA_CBAM_DEEP,RSU residual-branch ECA + six pre-fusion CBAM gates; six-side deep supervision,분할 학습,44,완료,150,150,113,79.78602022577958,80.02295874988666,0.41875428590242336,B,로컬 저장 지표,local-artifacts/runs/colab_gpu_l4_2_20261005/trials/seed44/U2_ECA_CBAM_DEEP,code=49cb5393ee94 initialization=none; 실행 슬롯=gpu-l4-2
L4 아키텍처,U2_ECA_SCSE_DEEP,RSU residual-branch ECA + five decoder scSE gates; six-side deep supervision,분할 학습,44,완료,150,150,113,79.82408353498094,80.00123357532371,0.39702911133947794,B,로컬 저장 지표,local-artifacts/runs/colab_gpu_l4_2_20261005/trials/seed44/U2_ECA_SCSE_DEEP,code=49cb5393ee94 initialization=none; 실행 슬롯=gpu-l4-2
L4 아키텍처,U2_PLAIN,U²-Net without attention; fused loss only,분할 학습,44,실행 확인 불가(복원 연결 오류),73,150,73,77.56181949047071,,,B,로컬 저장 지표,local-artifacts/runs/colab_gpu_l4_2_20261005/trials/seed44/U2_PLAIN,code=49cb5393ee94 initialization=none; 실행 슬롯=gpu-l4-2; 복원 감시 연결 오류. 런타임 종료 여부는 확인되지 않았으며 저장 epoch는 실시간 진행이 아님.
Mac 후속 검증,B,"Maintained ResNet101 U-Net/scSE, R022-aligned recipe",분할 학습,43,완료,150,150,108,79.21329550442962,79.38586397903735,,,로컬 저장 지표,experiments/followup_unet_lab/runs/followup_mps_20261004/trials/seed43/B,code=64e1aea70f7c initialization=imagenet; 실행 슬롯=mac
Mac 후속 검증,D03,"B + direct Al3Ni/Eutectic contact weighted CE (radius2, multiplier2)",분할 학습,43,완료,150,150,118,79.22507071756843,79.75099793899545,0.3651339599581007,B,로컬 저장 지표,experiments/followup_unet_lab/runs/followup_mps_20261004/trials/seed43/D03,code=64e1aea70f7c initialization=imagenet; 실행 슬롯=mac
Mac 후속 검증,B,"Maintained ResNet101 U-Net/scSE, R022-aligned recipe",분할 학습,44,완료,150,150,100,79.31505332884463,79.66738665271407,,,로컬 저장 지표,experiments/followup_unet_lab/runs/followup_mps_20261004/trials/seed44/B,code=64e1aea70f7c initialization=imagenet; 실행 슬롯=mac
Mac 후속 검증,D03,"B + direct Al3Ni/Eutectic contact weighted CE (radius2, multiplier2)",분할 학습,44,완료,150,150,113,79.5724982903127,79.87980062256493,0.21241396985085714,B,로컬 저장 지표,experiments/followup_unet_lab/runs/followup_mps_20261004/trials/seed44/D03,code=64e1aea70f7c initialization=imagenet; 실행 슬롯=mac
Mac 후속 검증,B,"Maintained ResNet101 U-Net/scSE, R022-aligned recipe",분할 학습,42,완료,150,150,140,79.34277907324842,79.6303497679621,,,로컬 저장 지표,experiments/followup_unet_lab/runs/followup_mps_20261004/trials/seed42/B,code=64e1aea70f7c initialization=imagenet; 실행 슬롯=mac
Mac 후속 검증,D03,"B + direct Al3Ni/Eutectic contact weighted CE (radius2, multiplier2)",분할 학습,42,완료,150,150,140,79.33596087463725,79.7855009052362,0.15515113727410323,B,로컬 저장 지표,experiments/followup_unet_lab/runs/followup_mps_20261004/trials/seed42/D03,code=64e1aea70f7c initialization=imagenet; 실행 슬롯=mac
Mac 후속 검증,X01_FREQ,Reduced no-offset frequency fusion at OS4->OS2 skip,분할 학습,42,완료,150,150,97,79.01580679970922,79.42974751903017,-0.20060224893192924,B,로컬 저장 지표,experiments/followup_unet_lab/runs/followup_mps_20261004/trials/seed42/X01_FREQ,code=64e1aea70f7c initialization=imagenet; 실행 슬롯=mac
Mac 후속 검증,X02_CONN,Eight-direction four-class connectivity auxiliary supervision,분할 학습,42,완료,150,150,140,79.49904557762298,80.0114627829814,0.3811130150192952,B,로컬 저장 지표,experiments/followup_unet_lab/runs/followup_mps_20261004/trials/seed42/X02_CONN,code=64e1aea70f7c initialization=imagenet; 실행 슬롯=mac
Mac 후속 검증,X03_PIXEL,Final PixelShuffle upsampling,분할 학습,42,완료,150,150,129,79.3032503188006,79.59471761910967,-0.03563214885242871,B,로컬 저장 지표,experiments/followup_unet_lab/runs/followup_mps_20261004/trials/seed42/X03_PIXEL,code=64e1aea70f7c initialization=imagenet; 실행 슬롯=mac
Mac 후속 검증,L01_DICE35,CE.5 Dice.35 Lovasz.15,분할 학습,42,학습 중,46,150,43,77.69877272219853,,,B,로컬 저장 지표,experiments/followup_unet_lab/runs/followup_mps_20261004/trials/seed42/L01_DICE35,code=64e1aea70f7c initialization=imagenet; 실행 슬롯=mac
R03 증강,A00_BASE,Current R03 augmentation control,분할 학습,42,완료,150,150,140,79.03902607374778,79.51182083846577,,,로컬 저장 지표,local-artifacts/runs/r03_augmentation_gpu-l4-aug1_20261005/trials/seed42/A00_BASE,세 번째 L4의 원본 18회→후속 18회 순차 큐; RRCU Mac 및 L4 아키텍처 B와 소스 버전 구분. code=760d6483e296 initialization=imagenet; 실행 슬롯=gpu-l4-aug1
R03 증강,A01_BRIGHT_HALF,Brightness amplitude .08 to .04,분할 학습,42,완료,150,150,129,79.47449985160397,79.85848916947072,0.346668331004949,A00_BASE,로컬 저장 지표,local-artifacts/runs/r03_augmentation_gpu-l4-aug1_20261005/trials/seed42/A01_BRIGHT_HALF,세 번째 L4의 원본 18회→후속 18회 순차 큐; RRCU Mac 및 L4 아키텍처 B와 소스 버전 구분. code=760d6483e296 initialization=imagenet; 실행 슬롯=gpu-l4-aug1
R03 증강,A02_BRIGHT_OFF,Disable brightness; retain contrast,분할 학습,42,학습 중,110,150,89,78.95594989838825,,,A00_BASE,로컬 저장 지표,local-artifacts/runs/r03_augmentation_gpu-l4-aug1_20261005/trials/seed42/A02_BRIGHT_OFF,세 번째 L4의 원본 18회→후속 18회 순차 큐; RRCU Mac 및 L4 아키텍처 B와 소스 버전 구분. code=760d6483e296 initialization=imagenet; 실행 슬롯=gpu-l4-aug1; GPU 프로세스와120초 이내 상태 확인. 현재epoch=111
R03 증강,A03_CONTRAST_OFF,Disable contrast; retain brightness,분할 학습,42,완료,150,150,122,79.33269657480825,79.86083091824369,0.3490100797779263,A00_BASE,로컬 저장 지표,local-artifacts/runs/r03_augmentation_gpu-l4-aug1_20261005/trials/seed42/A03_CONTRAST_OFF,세 번째 L4의 원본 18회→후속 18회 순차 큐; RRCU Mac 및 L4 아키텍처 B와 소스 버전 구분. code=760d6483e296 initialization=imagenet; 실행 슬롯=gpu-l4-aug1
R03 증강,A05_GAMMA_HALF,Gamma range .9-1.1 to .95-1.05,분할 학습,42,완료,150,150,150,79.36859835916115,79.78826473359825,0.2764438951324877,A00_BASE,로컬 저장 지표,local-artifacts/runs/r03_augmentation_gpu-l4-aug1_20261005/trials/seed42/A05_GAMMA_HALF,세 번째 L4의 원본 18회→후속 18회 순차 큐; RRCU Mac 및 L4 아키텍처 B와 소스 버전 구분. code=760d6483e296 initialization=imagenet; 실행 슬롯=gpu-l4-aug1
R03 증강,A07_NOISE_HALF,Noise sigma .01 to .005,분할 학습,42,완료,150,150,112,79.16254594528147,79.5628485453093,0.0510277068435272,A00_BASE,로컬 저장 지표,local-artifacts/runs/r03_augmentation_gpu-l4-aug1_20261005/trials/seed42/A07_NOISE_HALF,세 번째 L4의 원본 18회→후속 18회 순차 큐; RRCU Mac 및 L4 아키텍처 B와 소스 버전 구분. code=760d6483e296 initialization=imagenet; 실행 슬롯=gpu-l4-aug1
R03 증강,A09_BLUR_WEAK,Add weak Gaussian blur sigma .3-.6 p=.15,분할 학습,42,완료,150,150,140,78.8643945896882,79.54641803614406,0.03459719767829483,A00_BASE,로컬 저장 지표,local-artifacts/runs/r03_augmentation_gpu-l4-aug1_20261005/trials/seed42/A09_BLUR_WEAK,세 번째 L4의 원본 18회→후속 18회 순차 큐; RRCU Mac 및 L4 아키텍처 B와 소스 버전 구분. code=760d6483e296 initialization=imagenet; 실행 슬롯=gpu-l4-aug1
R03 증강,A00_BASE,Current R03 augmentation control,분할 학습,43,완료,150,150,118,79.30589788731977,79.57499633247073,,,로컬 저장 지표,local-artifacts/runs/r03_augmentation_gpu-l4-aug1_20261005/trials/seed43/A00_BASE,세 번째 L4의 원본 18회→후속 18회 순차 큐; RRCU Mac 및 L4 아키텍처 B와 소스 버전 구분. code=760d6483e296 initialization=imagenet; 실행 슬롯=gpu-l4-aug1
R03 증강,A01_BRIGHT_HALF,Brightness amplitude .08 to .04,분할 학습,43,완료,150,150,108,79.20225358167744,79.54831684360312,-0.02667948886761451,A00_BASE,로컬 저장 지표,local-artifacts/runs/r03_augmentation_gpu-l4-aug1_20261005/trials/seed43/A01_BRIGHT_HALF,세 번째 L4의 원본 18회→후속 18회 순차 큐; RRCU Mac 및 L4 아키텍처 B와 소스 버전 구분. code=760d6483e296 initialization=imagenet; 실행 슬롯=gpu-l4-aug1
R03 증강,A03_CONTRAST_OFF,Disable contrast; retain brightness,분할 학습,43,완료,150,150,117,79.25763621507265,79.7146568360379,0.1396605035671712,A00_BASE,로컬 저장 지표,local-artifacts/runs/r03_augmentation_gpu-l4-aug1_20261005/trials/seed43/A03_CONTRAST_OFF,세 번째 L4의 원본 18회→후속 18회 순차 큐; RRCU Mac 및 L4 아키텍처 B와 소스 버전 구분. code=760d6483e296 initialization=imagenet; 실행 슬롯=gpu-l4-aug1
R03 증강,A05_GAMMA_HALF,Gamma range .9-1.1 to .95-1.05,분할 학습,43,완료,150,150,108,79.19947386323345,79.5623344807005,-0.012661851770232602,A00_BASE,로컬 저장 지표,local-artifacts/runs/r03_augmentation_gpu-l4-aug1_20261005/trials/seed43/A05_GAMMA_HALF,세 번째 L4의 원본 18회→후속 18회 순차 큐; RRCU Mac 및 L4 아키텍처 B와 소스 버전 구분. code=760d6483e296 initialization=imagenet; 실행 슬롯=gpu-l4-aug1
R03 증강,A07_NOISE_HALF,Noise sigma .01 to .005,분할 학습,43,완료,150,150,115,79.49427831888755,79.88126834885901,0.3062720163882773,A00_BASE,로컬 저장 지표,local-artifacts/runs/r03_augmentation_gpu-l4-aug1_20261005/trials/seed43/A07_NOISE_HALF,세 번째 L4의 원본 18회→후속 18회 순차 큐; RRCU Mac 및 L4 아키텍처 B와 소스 버전 구분. code=760d6483e296 initialization=imagenet; 실행 슬롯=gpu-l4-aug1
R03 증강,A09_BLUR_WEAK,Add weak Gaussian blur sigma .3-.6 p=.15,분할 학습,43,완료,150,150,114,79.15817745491697,79.46729290624327,-0.10770342622745943,A00_BASE,로컬 저장 지표,local-artifacts/runs/r03_augmentation_gpu-l4-aug1_20261005/trials/seed43/A09_BLUR_WEAK,세 번째 L4의 원본 18회→후속 18회 순차 큐; RRCU Mac 및 L4 아키텍처 B와 소스 버전 구분. code=760d6483e296 initialization=imagenet; 실행 슬롯=gpu-l4-aug1
R03 증강,A00_BASE,Current R03 augmentation control,분할 학습,44,완료,150,150,125,79.32726943048974,79.75719779641844,,,로컬 저장 지표,local-artifacts/runs/r03_augmentation_gpu-l4-aug1_20261005/trials/seed44/A00_BASE,세 번째 L4의 원본 18회→후속 18회 순차 큐; RRCU Mac 및 L4 아키텍처 B와 소스 버전 구분. code=760d6483e296 initialization=imagenet; 실행 슬롯=gpu-l4-aug1
R03 증강,A01_BRIGHT_HALF,Brightness amplitude .08 to .04,분할 학습,44,완료,150,150,102,79.33321686178552,79.69120433974474,-0.06599345667369505,A00_BASE,로컬 저장 지표,local-artifacts/runs/r03_augmentation_gpu-l4-aug1_20261005/trials/seed44/A01_BRIGHT_HALF,세 번째 L4의 원본 18회→후속 18회 순차 큐; RRCU Mac 및 L4 아키텍처 B와 소스 버전 구분. code=760d6483e296 initialization=imagenet; 실행 슬롯=gpu-l4-aug1
R03 증강,A03_CONTRAST_OFF,Disable contrast; retain brightness,분할 학습,44,완료,150,150,105,79.38182919346683,79.78056974338175,0.023371946963308687,A00_BASE,로컬 저장 지표,local-artifacts/runs/r03_augmentation_gpu-l4-aug1_20261005/trials/seed44/A03_CONTRAST_OFF,세 번째 L4의 원본 18회→후속 18회 순차 큐; RRCU Mac 및 L4 아키텍처 B와 소스 버전 구분. code=760d6483e296 initialization=imagenet; 실행 슬롯=gpu-l4-aug1
R03 증강,A05_GAMMA_HALF,Gamma range .9-1.1 to .95-1.05,분할 학습,44,완료,150,150,105,79.26227155862534,79.62232403488262,-0.13487376153581465,A00_BASE,로컬 저장 지표,local-artifacts/runs/r03_augmentation_gpu-l4-aug1_20261005/trials/seed44/A05_GAMMA_HALF,세 번째 L4의 원본 18회→후속 18회 순차 큐; RRCU Mac 및 L4 아키텍처 B와 소스 버전 구분. code=760d6483e296 initialization=imagenet; 실행 슬롯=gpu-l4-aug1
R03 증강,A07_NOISE_HALF,Noise sigma .01 to .005,분할 학습,44,완료,150,150,122,79.46873542099378,79.82415766205693,0.06695986563849488,A00_BASE,로컬 저장 지표,local-artifacts/runs/r03_augmentation_gpu-l4-aug1_20261005/trials/seed44/A07_NOISE_HALF,세 번째 L4의 원본 18회→후속 18회 순차 큐; RRCU Mac 및 L4 아키텍처 B와 소스 버전 구분. code=760d6483e296 initialization=imagenet; 실행 슬롯=gpu-l4-aug1
R03 증강,A09_BLUR_WEAK,Add weak Gaussian blur sigma .3-.6 p=.15,분할 학습,44,완료,150,150,99,78.83461953846907,79.34442097298471,-0.412776823433731,A00_BASE,로컬 저장 지표,local-artifacts/runs/r03_augmentation_gpu-l4-aug1_20261005/trials/seed44/A09_BLUR_WEAK,세 번째 L4의 원본 18회→후속 18회 순차 큐; RRCU Mac 및 L4 아키텍처 B와 소스 버전 구분. code=760d6483e296 initialization=imagenet; 실행 슬롯=gpu-l4-aug1
앙상블 진단,B42+B44+U2,저장된 D4 마스크 3모델 다수결; 동률은 첫 멤버,추론 평가,42/44 조합,완료,,,,,79.97281819498522,0.18813494450874657,조합 내 최고 단일,로컬 저장 지표,local-artifacts/reports/ensemble_probe_20261005/probe.json,확률 평균 아님; 동일 Valid20의4조합 탐색; R03은기존Mac 모델.
앙상블 진단,B42+B44+U2_scSE,저장된 D4 마스크 3모델 다수결; 동률은 첫 멤버,추론 평가,42/44 조합,완료,,,,,79.94437696548238,0.15969371500590057,조합 내 최고 단일,로컬 저장 지표,local-artifacts/reports/ensemble_probe_20261005/probe.json,확률 평균 아님; 동일 Valid20의4조합 탐색; R03은기존Mac 모델.
앙상블 진단,R03+B42+B44,저장된 D4 마스크 3모델 다수결; 동률은 첫 멤버,추론 평가,42/44 조합,완료,,,,,80.01654558188363,-0.04616585833662157,조합 내 최고 단일,로컬 저장 지표,local-artifacts/reports/ensemble_probe_20261005/probe.json,확률 평균 아님; 동일 Valid20의4조합 탐색; R03은기존Mac 모델.
앙상블 진단,R03+B42+U2,저장된 D4 마스크 3모델 다수결; 동률은 첫 멤버,추론 평가,42/44 조합,완료,,,,,80.11345525409475,0.05074381387449023,조합 내 최고 단일,로컬 저장 지표,local-artifacts/reports/ensemble_probe_20261005/probe.json,확률 평균 아님; 동일 Valid20의4조합 탐색; R03은기존Mac 모델.
T4 R03 밝기 재검증,A00_BASE,Current R03 augmentation control,분할 학습,42,완료,150,150,140,79.48004722164252,79.78235510490228,,,로컬 저장 지표,local-artifacts/runs/r03_brightness_reproduction_gpu-l4-r03-repro_20261006/trials/seed42/A00_BASE,Torch2.8.0/tv0.23.0/Pillow11.3.0; CUDA T4. Mac MPS와 실행 환경 동일하지 않음. code=d56388fa6f1f initialization=imagenet; 실행 슬롯=gpu-l4-r03-repro
T4 R03 밝기 재검증,A01_BRIGHT_HALF,Brightness amplitude .08 to .04,분할 학습,42,완료,150,150,140,79.15639501110847,79.5618050534062,-0.2205500514960761,A00_BASE,로컬 저장 지표,local-artifacts/runs/r03_brightness_reproduction_gpu-l4-r03-repro_20261006/trials/seed42/A01_BRIGHT_HALF,Torch2.8.0/tv0.23.0/Pillow11.3.0; CUDA T4. Mac MPS와 실행 환경 동일하지 않음. code=d56388fa6f1f initialization=imagenet; 실행 슬롯=gpu-l4-r03-repro
T4 R03 밝기 재검증,A00_BASE,Current R03 augmentation control,분할 학습,43,완료,150,150,115,79.58203939134569,79.99430012104632,,,로컬 저장 지표,local-artifacts/runs/r03_brightness_reproduction_gpu-l4-r03-repro_20261006/trials/seed43/A00_BASE,Torch2.8.0/tv0.23.0/Pillow11.3.0; CUDA T4. Mac MPS와 실행 환경 동일하지 않음. code=d56388fa6f1f initialization=imagenet; 실행 슬롯=gpu-l4-r03-repro
T4 R03 밝기 재검증,A01_BRIGHT_HALF,Brightness amplitude .08 to .04,분할 학습,43,완료,150,150,108,79.3753991327373,79.76765571676037,-0.226644404285949,A00_BASE,로컬 저장 지표,local-artifacts/runs/r03_brightness_reproduction_gpu-l4-r03-repro_20261006/trials/seed43/A01_BRIGHT_HALF,Torch2.8.0/tv0.23.0/Pillow11.3.0; CUDA T4. Mac MPS와 실행 환경 동일하지 않음. code=d56388fa6f1f initialization=imagenet; 실행 슬롯=gpu-l4-r03-repro
T4 R03 밝기 재검증,A00_BASE,Current R03 augmentation control,분할 학습,44,완료,150,150,127,79.34540356575634,79.91688336152724,,,로컬 저장 지표,local-artifacts/runs/r03_brightness_reproduction_gpu-l4-r03-repro_20261006/trials/seed44/A00_BASE,Torch2.8.0/tv0.23.0/Pillow11.3.0; CUDA T4. Mac MPS와 실행 환경 동일하지 않음. code=d56388fa6f1f initialization=imagenet; 실행 슬롯=gpu-l4-r03-repro
T4 R03 밝기 재검증,A01_BRIGHT_HALF,Brightness amplitude .08 to .04,분할 학습,44,학습 중,44,150,41,77.97043583492294,,,A00_BASE,로컬 저장 지표,local-artifacts/runs/r03_brightness_reproduction_gpu-l4-r03-repro_20261006/trials/seed44/A01_BRIGHT_HALF,Torch2.8.0/tv0.23.0/Pillow11.3.0; CUDA T4. Mac MPS와 실행 환경 동일하지 않음. code=d56388fa6f1f initialization=imagenet; 실행 슬롯=gpu-l4-r03-repro; GPU 프로세스와120초 이내 상태 확인. 현재epoch=45
H100 층별·공간 최종,B,기존 scSE 기준,분할 학습,42,완료(최종 보고),150,150,,,80.0013,,,"User-provided report; raw server checkpoints, masks and full 32-run table not supplied",docs/experiment_snapshot_20261008/H100_SOURCE_REPORT_KO.md,2026-10-07 18:53 보고; 표시 점수와 보고 Δ의 반올림 정밀도 차이 보존.
H100 층별·공간 최종,CS_CBAM,channel+spatial CBAM 파생 gate,분할 학습,42,완료(최종 보고),150,150,,,79.8545,-0.1467,B,"User-provided report; raw server checkpoints, masks and full 32-run table not supplied",docs/experiment_snapshot_20261008/H100_SOURCE_REPORT_KO.md,2026-10-07 18:53 보고; 표시 점수와 보고 Δ의 반올림 정밀도 차이 보존.
H100 층별·공간 최종,B,기존 scSE 기준,분할 학습,43,완료(최종 보고),150,150,,,79.669,,,"User-provided report; raw server checkpoints, masks and full 32-run table not supplied",docs/experiment_snapshot_20261008/H100_SOURCE_REPORT_KO.md,2026-10-07 18:53 보고; 표시 점수와 보고 Δ의 반올림 정밀도 차이 보존.
H100 층별·공간 최종,CS_CBAM,channel+spatial CBAM 파생 gate,분할 학습,43,완료(최종 보고),150,150,,,79.8186,0.1496,B,"User-provided report; raw server checkpoints, masks and full 32-run table not supplied",docs/experiment_snapshot_20261008/H100_SOURCE_REPORT_KO.md,2026-10-07 18:53 보고; 표시 점수와 보고 Δ의 반올림 정밀도 차이 보존.
H100 층별·공간 최종,B,기존 scSE 기준,분할 학습,44,완료(최종 보고),150,150,,,79.7905,,,"User-provided report; raw server checkpoints, masks and full 32-run table not supplied",docs/experiment_snapshot_20261008/H100_SOURCE_REPORT_KO.md,2026-10-07 18:53 보고; 표시 점수와 보고 Δ의 반올림 정밀도 차이 보존.
H100 층별·공간 최종,CS_CBAM,channel+spatial CBAM 파생 gate,분할 학습,44,완료(최종 보고),150,150,,,79.784,-0.0064,B,"User-provided report; raw server checkpoints, masks and full 32-run table not supplied",docs/experiment_snapshot_20261008/H100_SOURCE_REPORT_KO.md,2026-10-07 18:53 보고; 표시 점수와 보고 Δ의 반올림 정밀도 차이 보존.
H100 3seed 최종 집계,B,최종 1위,3seed 집계,42/43/44,완료(집계 보고),150,150,,,79.8202,0.0,,"User-provided report; raw server checkpoints, masks and full 32-run table not supplied",docs/experiment_snapshot_20261008/H100_SOURCE_REPORT_KO.md,집계·개별 행은 중복 범위. seed별 Δ 표준편차=0.0%p. 전체32회 완료는 보고서의 suite 단위 진술.
H100 3seed 최종 집계,CS_CBAM,"사실상 동률, 향상 아님",3seed 집계,42/43/44,완료(집계 보고),150,150,,,79.819,-0.0012,B,"User-provided report; raw server checkpoints, masks and full 32-run table not supplied",docs/experiment_snapshot_20261008/H100_SOURCE_REPORT_KO.md,집계·개별 행은 중복 범위. seed별 Δ 표준편차=0.1482%p. 전체32회 완료는 보고서의 suite 단위 진술.
H100 3seed 최종 집계,C_ALL,향상 없음,3seed 집계,42/43/44,완료(집계 보고),150,150,,,79.7879,-0.0323,B,"User-provided report; raw server checkpoints, masks and full 32-run table not supplied",docs/experiment_snapshot_20261008/H100_SOURCE_REPORT_KO.md,집계·개별 행은 중복 범위. seed별 Δ 표준편차=0.0576%p. 전체32회 완료는 보고서의 suite 단위 진술.
H100 3seed 최종 집계,M_UNSHARED,향상 없음,3seed 집계,42/43/44,완료(집계 보고),150,150,,,79.776,-0.0443,B,"User-provided report; raw server checkpoints, masks and full 32-run table not supplied",docs/experiment_snapshot_20261008/H100_SOURCE_REPORT_KO.md,집계·개별 행은 중복 범위. seed별 Δ 표준편차=0.066%p. 전체32회 완료는 보고서의 suite 단위 진술.
H100 3seed 최종 집계,C0,향상 없음,3seed 집계,42/43/44,완료(집계 보고),150,150,,,79.7485,-0.0717,B,"User-provided report; raw server checkpoints, masks and full 32-run table not supplied",docs/experiment_snapshot_20261008/H100_SOURCE_REPORT_KO.md,집계·개별 행은 중복 범위. seed별 Δ 표준편차=0.1232%p. 전체32회 완료는 보고서의 suite 단위 진술.
H100 3seed 최종 집계,C3,향상 없음,3seed 집계,42/43/44,완료(집계 보고),150,150,,,79.7224,-0.0978,B,"User-provided report; raw server checkpoints, masks and full 32-run table not supplied",docs/experiment_snapshot_20261008/H100_SOURCE_REPORT_KO.md,집계·개별 행은 중복 범위. seed별 Δ 표준편차=0.1725%p. 전체32회 완료는 보고서의 suite 단위 진술.
H100 3seed 최종 집계,S_CBAM,저하,3seed 집계,42/43/44,완료(집계 보고),150,150,,,79.5659,-0.2543,B,"User-provided report; raw server checkpoints, masks and full 32-run table not supplied",docs/experiment_snapshot_20261008/H100_SOURCE_REPORT_KO.md,집계·개별 행은 중복 범위. seed별 Δ 표준편차=0.3505%p. 전체32회 완료는 보고서의 suite 단위 진술.
